-- phpMyAdmin SQL Dump
-- version 5.1.0
-- https://www.phpmyadmin.net/
--
-- Servidor: 127.0.0.1:3306
-- Tiempo de generación: 25-10-2022 a las 19:38:23
-- Versión del servidor: 8.0.21
-- Versión de PHP: 8.0.5

SET SQL_MODE = "NO_AUTO_VALUE_ON_ZERO";
START TRANSACTION;
SET time_zone = "+00:00";


/*!40101 SET @OLD_CHARACTER_SET_CLIENT=@@CHARACTER_SET_CLIENT */;
/*!40101 SET @OLD_CHARACTER_SET_RESULTS=@@CHARACTER_SET_RESULTS */;
/*!40101 SET @OLD_COLLATION_CONNECTION=@@COLLATION_CONNECTION */;
/*!40101 SET NAMES utf8mb4 */;

--
-- Base de datos: `sembra`
--

-- --------------------------------------------------------

--
-- Estructura de tabla para la tabla `beneficiados`
--

DROP TABLE IF EXISTS `beneficiados`;
CREATE TABLE IF NOT EXISTS `beneficiados` (
  `fben` varchar(10) NOT NULL COMMENT 'Folio al beneficiario',
  `nom` varchar(30) NOT NULL COMMENT 'Nombre del beneficiario',
  `ap` varchar(30) NOT NULL COMMENT 'Apellido paterno',
  `am` varchar(30) NOT NULL COMMENT 'Apellido materno',
  `fnac` varchar(10) NOT NULL COMMENT 'Fecha de nacimiento',
  `sexo` varchar(10) NOT NULL,
  `cp` int NOT NULL COMMENT 'Código postal',
  `curp` varchar(30) NOT NULL COMMENT 'Curp del beneficiario',
  `edo` varchar(20) NOT NULL COMMENT 'Estado ',
  `muni` varchar(20) NOT NULL COMMENT 'Municipio',
  `loc` varchar(50) NOT NULL COMMENT 'Localidad',
  `calle` varchar(50) NOT NULL COMMENT 'nombre de la calle donde se ubica la case del beneficiario',
  `ref` varchar(50) NOT NULL COMMENT 'una descripción del domicilio',
  `email` varchar(40) NOT NULL COMMENT 'correo electrónico del beneficiario',
  `ecivil` varchar(30) NOT NULL COMMENT 'Estado civil',
  `tel` varchar(10) NOT NULL COMMENT 'Teléfono del beneficiario',
  PRIMARY KEY (`fben`),
  KEY `fben` (`fben`,`nom`,`ap`,`am`,`fnac`,`cp`,`curp`,`edo`,`muni`)
) ENGINE=InnoDB DEFAULT CHARSET=latin1;

--
-- Volcado de datos para la tabla `beneficiados`
--

INSERT INTO `beneficiados` (`fben`, `nom`, `ap`, `am`, `fnac`, `sexo`, `cp`, `curp`, `edo`, `muni`, `loc`, `calle`, `ref`, `email`, `ecivil`, `tel`) VALUES
('', '', '', '', '', '', 0, '', '', '', '', '', '', '', '', ''),
('ben001', 'Luis Angel', 'Hernandez', 'Velazquez', '03/02/1976', 'M', 86730, 'HE12HV', 'Tabasco', 'Macuspana', 'El congo', 'limbano blandin ', 'detrás de la diconsa casa azul', 'hernandezluis45@gmial.com', 'casado', '9932324567'),
('ben002', 'Darwin', 'Dionicio', 'Cruz', '10/05/1978', 'M', 86730, 'DA54DC', 'Tabasco', 'Macuspana', 'El congo', 'limbano blandin ', 'por la telesecundaria', 'darwincruz@gmail.com', 'casado', '9932326578'),
('ben003', 'Maria', 'Salvador', 'Lopez', '12/10/1967', 'F', 86730, 'MAR123SA', 'Tabasco', 'Macuspana', 'La isla ', 'benito juarez', 'a lado de la primaria casa color blanco', 'mariasalvador@gmail.com', 'casada', '9361123456'),
('ben004', 'Carlos', 'Salvador', 'Mendez', '03/02/1976', 'M', 86745, 'CAR12ME', 'Tabasco', 'Tapijulapa', 'El cerro', 'ignacio zaragoza', 'a lado del parque', 'carlos76@gmail.com', 'casado', '9364567891'),
('ben005', 'Guadalupe', 'Montero', 'Santiago', '05/11/1976', 'F', 86750, 'GUAD12HE', 'Tabasco', 'Cardenas', 'El cruce', ' Porfirio diaz', 'centro civicoo', 'GUADALUPEos76@gmail.com', 'casada', '9364512891'),
('ben006', 'Joaquin', 'Perez', 'Santiago', '05/08/1975', 'F', 86740, 'JOAD12HE', 'Tabasco', 'Centla', 'El vallo', ' porfirio diaz', 'cerca del museo', 'JOAQUEIN76@gmail.com', 'casado', '9364512891'),
('ben007', 'sebastian', 'lopez', 'garcia', '01/10/1986', 'm', 85722, 'SEB17HT', 'tabasco', 'cardenas', 'rio ondo', 'barrial', 'frente del oxxo', 'sebast26@gmail.com', 'soltero', '9934582614'),
('ben008', 'Deybi', 'Guzman', 'Santiago', '03/03/1976', 'M', 86770, 'DEH12HE', 'Tabasco', 'Cunduacan', 'El camino largo', ' porfirio diaz', 'centro civicoo', 'santiagodeybi@gmail.com', 'casado', '9364512891'),
('ben009', 'Rodrigo ', 'Solano', 'Canul', '14/06/1973', 'M', 86732, 'ROD4SC', 'Tabasco', 'Macuspana', 'Virginio 1ra', 's/n', 'frente de la primaria josefa', 'rodri14@gmail.com', 'soltero', '9934526348'),
('ben010', 'Juana', 'Cabrera', 'Sarao', '22/06/1971', 'F', 85726, 'JUA89CS', 'Tabasco', 'Centro', 'El triunfo', 'zaragoza ', 'esquina del parque, casa azul', 'juana123@gmail.com', 'casada', '1963548753'),
('ben011', 'Felipe', 'Zacarías ', 'Gimenes', '25/06/1961', 'M', 85722, 'FE62ZG', 'Tabasco', 'Cardenas ', 'Tierra colorada', 's/n', 'casa verde frente el porton', 'feli89@gmail.com', 'soltero', '1985462148'),
('ben012', 'Luisa', 'Gimenes', 'Falcon', '05/29/1965', 'F', 85628, 'LU02GF', 'Tabasco', 'Centla', 'Las guacamayas ', 'ponse leon', 'casa los aros', 'luisa587@gmail.com', 'casada', '1985476024'),
('ben013', 'Caudia', 'Garcia', 'Bocanegra', '15/11/1969', 'F', 85736, 'CLA52GB', 'Tabasco', 'Comalcalco', 'Catarrical 1ra', 'obregon', 'frente a la iglesia católica la lupita', 'claudia635@gmail.com', 'soltera', '1987546237'),
('ben014', 'Gabriel', 'Gonzales ', 'Sanchez', '18/01/1964', 'M', 85723, 'GA85GS', 'Tabasco', 'Cunduacan', 'Los tumba patos', 'gregorio mendez ', 'frente al parque', 'gab85@gmail.com', 'casado', '1963548725'),
('ben015', 'Mateo', 'Romero', 'Sosa', '11/09/1970', 'M', 85721, 'MA78RS', 'Tabasco', 'cárdenas ', 'Naranjal', 's/n', 'casa doble planta frente el poso', 'mate87@gmail.com', 'casado', '1985746213'),
('ben016', 'Daniela', 'Benites', 'Acosta', '15/12/1990', 'f', 85731, 'DA91BA', 'Tabasco', 'Huimanguillo ', 'Los criollos ', 'los patos', 'frente la delegacion', 'dani01@gmail.com', 'soltera', '1968533241'),
('ben017', 'Alvaro', 'Rojas', 'Gimenes', '08/07/1977', 'm', 85725, 'AL03RG', 'Tabasco', 'Comalcalco', 'El polvorin', 'lopez', 'lado del banco', 'alvar99@gmail.com', 'casado', '1938576210'),
('ben018', 'Adrian', 'Herrera', 'Garcia', '19/10/1989', 'm', 85722, 'AD65HG', 'Tabasco', 'macuspana', 'La isla 1ra', 's/n', 'a lado del tempo del 5to dia', 'adr87@gmail.com', 'soltero', '9365487246'),
('ben019', 'Mario', 'Molina', 'Lopez', '03/11/1992', 'M', 85731, 'MA87ML', 'Tabasco', 'Centla', 'Rio ondo', 's/n', 'casa rosa frente la tortillería ', 'Mar98@gmail.com', 'casado', '1984632547'),
('ben020', 'Sergio', 'Salvador', 'Suarez', '09/07/1992', 'M', 85722, 'SE71SS', 'Tabasco', 'Comalcalco', 'El valle ', 's/n', 'frente el rancho los abuelos', 'ser12@gmail.com', 'soltero', '1984678216'),
('ben021', 'Rosa', 'Rios', 'Gimenes', '31/10/1998', 'F', 85726, 'RO56RG', 'Tabasco', 'Cardenas ', 'Los pinos', 'juan espín', 'a dos cuadra de soriana', 'ros69@gmail.com', 'casada', '3965847285'),
('ben022', 'Martin', 'Ramirez ', 'lopez', '', '', 0, '', '', '', '', '', '', '', '', ''),
('ben023', 'Martin', 'Ramirez ', 'Lopez', '05/05/179', 'M', 85735, 'MA25RL', 'Tabasco', 'Centla', 'Los abuelos', 'mechon 1ra', 'a dos cuadras del seguro', 'mar78@gmail.com', 'casado', '5629874521'),
('ben024', 'Carlota', 'Canul', 'Castro', '15/06/1973', 'F', 85735, 'CA69CC', 'Tabasco', 'Centla', 'Josefa dominguez ', 'los niños heroes', 'a lado de fuente', 'carl32@gmail.com', 'casada', '6598752455'),
('ben025', 'Miguel', 'Sanchez', 'Garcia', '12/01/1982', 'M', 85725, 'MI54SG', 'Tabasco', 'Macuspana', 'San fernado', 's/n', 'frente la farmacia union', 'miran36@gmail.com', 'soltero', '9368547245'),
('ben026', 'Lucia ', 'Morales ', 'Castillo ', '08/11/1994', 'F', 85731, 'LI99MC', 'Tabasco', 'Cunduacan', 'Santa catalina ', 'el panal', 'casa morada a lado de la polleria', 'Lic55@gmail.com', 'soltera', '3698241387'),
('ben027', 'Julia', 'Dominguez', 'Diaz', '12/09/1998', 'F', 85722, 'JU88DD', 'Tabasco', 'Comalcalco', 'Corregidora ortiz', 's/n', 'frente la biblioteca publica ', 'juli65@gmail.com', 'soltera', '1254682184'),
('ben028', 'Benjamin ', 'Ramirez ', 'Suarez', '10/11/1997', 'M', 85702, 'BE36RS', 'Tabasco', 'Jalapa', 'San francisco ', 'pedrada', 'esquina de la tortilleria lupe', 'ben56@gmail.com', 'casado', '3659821347'),
('ben029', 'Perla ', 'Moreno', 'Quintanilla', '22/06/1984', 'F', 85701, 'PE56MQ', 'Tabasco', 'Teapa', 'Chiquiguite', 's/n', 'casa doble planta frente del abarrotes juan', 'per58@gmail.com', 'casada', '3596875426'),
('ben030', 'Valentin ', 'Muñoz', 'villa ', '25/09/1986', 'M', 85796, 'VA62MV', 'Tabasco', 'Tacotalpa', 'Lazaro cardenas ', 'sabanas ', 'a dos cuadras del kiosco ', 'val03@gmail.com', 'soltero', '3658429710'),
('ben031', 'Andrea ', 'Navarro', 'Ponce', '03/31/1973', 'F', 85736, '85719', 'Tabasco', 'Teapa', 'La victoria ', 'la vuelta ', 'frente del vivero el piñal', 'andre12@gmail.com', 'soltera', '2658497501'),
('ben032', 'Julieta', 'Cruz ', 'Velásquez ', '07/09/1995', 'F', 85706, 'JU62CV', 'Tabasco', 'Pasaiso', 'Sarlat', 'la palma', 'casa azul frente de la manga amarilla ', 'juli365@gmail.com', 'casada', '1963582472'),
('ben033', 'Celia ', 'Vadillos ', 'Romero', '16/28/1986', 'F', 85731, 'CE58VR', 'Tabasco', 'macuspana', 'Rio viejo', 'la chachalaca', 'casa azul a lado de la ferreteria alex', 'celi85@gmail.com', 'casada', '1963258796'),
('ben034', 'Valeria ', 'Solano', 'Sanchez', '17/09/1993', 'F', 85708, 'VA36SS', 'Tabasco', 'Tacotalpa', 'La lima', 'el zapotal', 'a seis cuadras de la gasolinera', 'val71@gmail.com', 'soltera', '1963854792'),
('ben035', 'Silvia ', 'Betancur ', 'Pascual', '18/07/1996', 'F', 85725, 'SI38BP', 'Tabasco', 'Tenosique', 'Parilla ', 'medellin ', 'frente del rancho los lopez', 'sil45@gmail.com', 'soltera', '1968356298'),
('ben036', 'Hector', 'Landero', 'Ojeda', '13/08/1995', 'M', 85795, 'HE96LO', 'Tabasco', 'Jalapa', 'La providencia ', 's/n', 'frente de la ganadera ', 'her89@gmail.com', 'soltero', '1963472695'),
('ben037', 'Laura', 'Cordoba ', 'Arias', '29/08/1991', 'F', 85726, 'LA56CA', 'Tabasco', 'Tacotalpa', 'Baranquilla', 'san miguel', 'a un lado del ciber la web', 'laur23@gmail.com', 'soltera', '1963582469'),
('ben038', 'cecilia ', 'Alvarez ', 'Salvador ', '02/15/1985', 'F', 85724, 'CE96AS', 'Tabasco', 'Jalapa', 'El rosario', 's/n', 'a dos cuadras del vivero el naranjo', 'ceci95@gmail.com', 'soltera', '1956382496'),
('ben039', 'Adonis', 'Soto', 'Bocanegra', '23/07/1985', 'M', 85745, 'AD54SB', 'Tabasco', 'Jalapa', 'El jasintal', 'el mango', 'frente del lavado de autos car wash', 'Ad83@gmail.com', 'soltero', '1987463298'),
('ben040', 'Matias ', 'Acuña ', 'Campos', '23/02/1994', 'M', 85743, 'Ma20AC', 'Tabasco', 'Centla', 'El panal 1ra', 'zaragoza ', 'a seis casas de registro civil ', 'matis09@gmail.com', 'soltero', '4563298741'),
('ben041', 'Edhit', 'Salvador ', 'Martinez', '09/10/1993', 'F', 85730, 'ED41SM', 'Tabasco', 'Macuspana', 'San carlos', 'veinte de noviembre ', 'a dos cuadra del parque central', 'adhit45@gmail.com', 'soltera', '9934568924'),
('ben042', 'Marbella', 'Torres ', 'Lopez', '19/08/1985', 'F', 85738, 'MA75TL', 'Tabasco', 'Centla', 'Los chiveros', 'Avenida numero 2', 'a un lado de la caseta roja', 'mar69@gmail.com', 'soltera', '1936583659'),
('ben043', 'Agustin', 'Ramirez ', 'Sandoval ', '26/06/1979', 'M', 85750, 'AG92RS', 'Tabasco', 'Jalapa', 'El vallo', 'Los tres hermano', 'frente de la pizzeria luna', 'Agu586@gmail.com', 'soltero', '3659814237'),
('ben044', 'Lola', 'Hernandez ', 'Castañeda ', '27/02/1984', 'F', 85763, 'LO85HC', 'Tabasco', 'Cardenas ', 'R/a el rincon', 's/n', 'a un lado del agua potable', 'lolas85@gmail.com', 'soltera', '3698547586'),
('ben045', 'Maria del carmen', 'Cruz ', 'Santiago', '18/06/1993', 'F', 85753, 'MA08CS', 'Tabasco', 'Comalcalco', 'Los patos', 's/n', 'despues del la iglesia catolica a dos casa ', 'mari87@gmail.com', 'casada', '1984658452'),
('ben046', 'Noemi', 'Zacarías ', 'Gimenes', '17/06/1995', 'F', 85722, 'NO64ZG', 'Tabasco', 'Centla', 'El jobo', 'flores numero 2', 'frente a dos palmeras de aceite', 'noe52@gmail.com', 'soltera', '1653489632'),
('ben047', 'Leonardo', 'Landero', 'Gonzalez', '01/10/1993', 'M', 85705, 'LE74LG', 'Tabasco', 'Macuspana', 'Morelos ', 'La curva', 'a un lado del lago cristal', 'leo42@gmail.com', 'soltero', '6352415285'),
('ben048', 'Carlos', 'Acosta', 'Alvarez ', '25/08/1991', 'M', 85758, 'CA52AA', 'Tabasco', 'Teapa', 'Agua blanca', 'el paso ', 'a un lado de la refaccionaria de motos', 'car87@gmail.com', 'soltero', '9568241247'),
('ben049', 'Jorge ', 'Flores', 'Lopez', '02/12/1996', 'M', 85734, 'JO54FL', 'Tabasco', 'Jalapa', 'Playas el rosario', 'la lima', 'a dos cuadras de la polleria', 'jorg67@gmail.com', 'soltero', '3658421634'),
('ben050', 'Juana', 'Rios', 'Castro', '11/02/1992', 'F', 85756, 'JU75RC', 'Tabasco', 'Jalapa', 'Montaña', 's/n', 'frente el ciber la neta', 'jua42@gmail.com', 'soltera', '4552652438'),
('ben051', 'Maria Jimena', 'Martinez', 'Hernandez', '04/03/2000', 'F', 8543, 'MAHJ280603MSPRRV09', 'Tabasco', 'Macuspana', 'Centro', 'Villa Benito Juarez', 'frente una fuente', 'mariajim@gmail.com', 'Soltera', '9361100958'),
('ben052', 'Angeline', 'Zuleyka', 'Netan', '06/12/2001', 'F', 54612, 'ZUNA540308MNELTN05', 'Tabasco', 'Macuspana', 'los gatos', 'Castaño', 'al lado de un rio', 'angeline@gmail.com', 'Soltera', '9361100958'),
('ben053', 'Oscar', 'Sanchez', 'Santos', '02/12/1997', 'M', 86076, 'SASO750909HDFNNS05', 'Distrito Federal', 'Tlapan', 'Los Angeles', 'benito juarez #12', 'frente a una refaccionaria', 'oscar255@gmail.com', 'Casado', '9362221231'),
('ben054', 'Jose', 'Hernandez', 'Mendoza', '06/09/1998', 'M', 1241, 'HEMJ820709MMIRNS08', 'Puebla', 'Atlixco', 'las funetes', 'san pedro', 'frente ala fuente', 'jose_21@gmail.com', 'Soltero', '9360001123'),
('ben055', 'Arturo', 'Gomez', 'Tamayo', '10/08/2001', 'M', 4543, 'GOTA820521HVZMLP02', 'Quintana roo', 'Cancun', 'las aguas', 'los hermanos', 'por las playas costa de mar', 'arturo82@gmail.com', 'Soltero', '999345321');

-- --------------------------------------------------------

--
-- Estructura de tabla para la tabla `contingencia`
--

DROP TABLE IF EXISTS `contingencia`;
CREATE TABLE IF NOT EXISTS `contingencia` (
  `nomb` varchar(50) NOT NULL COMMENT 'nombre del problema que causo bajas en la cosecha',
  PRIMARY KEY (`nomb`)
) ENGINE=InnoDB DEFAULT CHARSET=latin1;

--
-- Volcado de datos para la tabla `contingencia`
--

INSERT INTO `contingencia` (`nomb`) VALUES
('cambio climatico'),
('plagas'),
('Temporada humeda'),
('Temporada seca');

-- --------------------------------------------------------

--
-- Estructura de tabla para la tabla `dinero`
--

DROP TABLE IF EXISTS `dinero`;
CREATE TABLE IF NOT EXISTS `dinero` (
  `fve` varchar(10) NOT NULL COMMENT 'folio del beneficiario',
  `fcm` varchar(10) NOT NULL COMMENT 'folio de la comunidad',
  `cant` int NOT NULL COMMENT 'cantidad entregada',
  KEY `fve` (`fve`)
) ENGINE=InnoDB DEFAULT CHARSET=utf8mb4 COLLATE=utf8mb4_0900_ai_ci;

-- --------------------------------------------------------

--
-- Estructura de tabla para la tabla `documentos`
--

DROP TABLE IF EXISTS `documentos`;
CREATE TABLE IF NOT EXISTS `documentos` (
  `fve` varchar(10) NOT NULL COMMENT 'folio del beneficiario',
  `acn` varchar(300) NOT NULL COMMENT 'acta de nacimiento',
  `curp` varchar(300) NOT NULL COMMENT 'curp',
  `rfc` varchar(300) NOT NULL COMMENT 'rfc',
  `acm` varchar(300) NOT NULL COMMENT 'acta de matrimonio',
  `copr` varchar(300) NOT NULL COMMENT 'comprobante de propiedad ',
  KEY `acm` (`acm`),
  KEY `copr` (`copr`),
  KEY `rfc` (`rfc`),
  KEY `curp` (`curp`),
  KEY `fve` (`fve`),
  KEY `acn` (`acn`)
) ENGINE=InnoDB DEFAULT CHARSET=utf8mb4 COLLATE=utf8mb4_0900_ai_ci;

-- --------------------------------------------------------

--
-- Estructura de tabla para la tabla `encargados`
--

DROP TABLE IF EXISTS `encargados`;
CREATE TABLE IF NOT EXISTS `encargados` (
  `fenc` varchar(10) NOT NULL COMMENT 'Folio del encargado del vivero',
  `nom` varchar(30) NOT NULL COMMENT 'Nombre del encargado',
  `ap` varchar(20) NOT NULL COMMENT 'Apellido paterno',
  `am` varchar(20) NOT NULL COMMENT 'Apellido materno',
  `curp` varchar(30) NOT NULL COMMENT 'La curp del encargado',
  `edo` varchar(20) NOT NULL COMMENT 'Estado donde reside el encargado',
  `muni` varchar(20) NOT NULL COMMENT 'Municipio donde vive el encargado',
  `local` varchar(40) NOT NULL COMMENT 'Localidad en la que se encuentra el domicilio del encargado',
  `dir` varchar(100) NOT NULL COMMENT 'Cale en la que se ubica el domicilio del encragado',
  `tel` varchar(10) NOT NULL COMMENT 'Teléfono del encargado',
  `email` varchar(50) NOT NULL COMMENT 'Correo electrónico del encargado',
  PRIMARY KEY (`fenc`),
  KEY `fenc` (`fenc`,`nom`,`ap`,`am`,`curp`,`edo`,`muni`,`local`)
) ENGINE=InnoDB DEFAULT CHARSET=latin1;

--
-- Volcado de datos para la tabla `encargados`
--

INSERT INTO `encargados` (`fenc`, `nom`, `ap`, `am`, `curp`, `edo`, `muni`, `local`, `dir`, `tel`, `email`) VALUES
('enca001', 'Julio cesar', 'Narvaez', 'Antonio', 'HHUS21WAS', 'Tabasco', 'Macuspana', 'Tepetitan', 'Calle benito juarez', '9932312367', 'narvaezcesar@gamil.com'),
('enca002', 'Manuel ', 'Sanchez', 'Santiago', 'MA02SS', 'Tabasco', 'Macuspana', 'Limbano', 'Las palmeras ', '9365846210', 'sant96@gmail.com'),
('enca003', 'Rojelio', 'Rios', 'Acosta', 'RO19RA', 'Tabasco', 'Macuspana', 'San fernando', 'La isla 1ra', '9936012405', 'roj63@gmail.com'),
('enca004', 'Martin', 'Lopez ', 'Suarez', 'MA01LS', 'Tabasco', 'Macuspana', 'San carlos', 'Colonia el jobo', '9365210368', 'mar320@gmail.com'),
('enca005', 'Luisa ', 'Gimenez', 'Bocanegra', 'LU20GB', 'Tabasco', 'Macuspana', 'Belen', 'EL MANGITO', '9362013054', 'lui36@gmail.com'),
('enca006', 'Francisco', 'Bentancur', 'Sanchez', 'FR85BS', 'Tabasco', 'Macuspana', 'Cd. pemex', 'El naranjo', '9936348970', 'san36@gmail.com'),
('enca007', 'Omar ', 'Leon', 'Ponce', 'OM98LP', 'Tabasco', 'Macuspana', 'Virginio chan', 'Los abuelos', '9936842187', 'ome68@gmail.com'),
('enca008', 'Sofia', 'Rodríguez ', 'Gomez ', 'SO56RG', 'Tabasco', 'Jalapa', 'Agua azul', 'El mango', '9564328405', 'sofi36@gmail.com'),
('enca009', 'Sara', 'Ines ', 'Lopez', 'SA84IL', 'Tabasco', 'Jalapa', 'Tequila ', 'Los negritos', '', ''),
('enca010', 'Victoria ', 'Hernandez ', 'Saragoza ', 'VI77HS', 'Tabasco', 'Jalapa', 'El rosario', 'Clemente reyes', '9935687015', 'vict98@gmail.com'),
('enca011', 'Daniel', 'Huchin', 'Notario', 'DA39HN', 'Tabasco', 'Jalapa', 'Chipilinar', 'El jasintal', '9364102304', 'danie854@gmail.com'),
('enca012', 'Martina ', 'Ramirez ', 'Hernandez', 'MA87RH', 'Tabasco', 'Jalapa', 'Barranquilla', 'Los gallos', '9963587545', 'mart87@gmail.com'),
('enca013', 'Nicolas ', 'Geronimo', 'Gimenes', 'NI87GG', 'Tabasco', 'Jalapa', 'San miguel', 'El sapotal', '9935641208', 'Nicol11@gmail.com'),
('enca014', 'Fernando ', 'Lopez', 'Guzman', 'FE99LG', 'Tabasco', 'Jalapa', 'Astapa', 'Los grillos', '9986421036', 'fer340@gmail.com'),
('enca015', 'Regina ', 'Correa', 'Lopez', 'RE96CL', 'Tabasco', 'Jalapa', 'El cerro', 'Guarumo', '9915426308', 'regi0365@gmail.com'),
('enca016', 'Paulina ', 'Paz', 'Lopez', 'PU87PL', 'Tabasco', 'Jalapa', 'Guanal', 'El povorin', '9236425902', 'pao85@gmail.com'),
('enca017', 'Paola ', 'Esperanza', 'Figeroa', 'PA89EF', 'Tabasco', 'Jalapa', 'Jesus maria', 'La entrada', '9365452416', 'paola89@gmail.com'),
('enca018', 'Alejando ', 'Falcon', 'Hernandez', 'AL99FH', 'Tabasco', 'Jalapa', 'Calicanto', 'Arrollos', '9963624310', 'Alej26@gmail.com'),
('enca019', 'Luna', 'Salvador', 'Vasquez', 'LU78SV', 'Tabasco', 'Jalapa', 'Chibero', 'Las lomas', '9365012405', 'salv85@gmail.com'),
('enca020', 'Erick', 'Rios', 'Hernandez', 'ER78RH', 'Tabasco', 'Jalapa', 'Francisco caparroso ', 'La quetzal', '3965240152', 'erickw25@gmail.com'),
('enca021', 'Naomi ', 'Roldan', 'Gutierres', 'NA52RG', 'Tabasco', 'Comalcalco', '20 de noviembre ', 'El sureste', '9365842108', 'naom85@gmail.com'),
('enca022', 'Natali', 'Obregon', 'Gimenes', 'NA82OG', 'Tabasco', 'Comalcalco', 'Aldama', 'El bollo', '9365421808', 'nati032@gmail.com'),
('enca023', 'Beto', 'Rivera', 'Solis', 'BE30RS', 'Tabasco', 'Comalcalco', 'Quintanilla', 'Obregon', '9263510420', 'be230@gmail.com'),
('enca024', 'Estela', 'Ramirez ', 'Cordova', 'ES02RC', 'Tabasco', 'Comalcalco', 'Chilapilla ', 'El puente', '1932540120', 'Estel00@gmail.com'),
('enca025', 'Edgar ', 'Solis', 'Gimenes', 'EG62SG', 'Tabasco', 'Comalcalco', 'Lagarreta', 'Los pinos', '9365240875', 'Edg901@gmail.com'),
('enca026', 'Juan ', 'Lopez', 'Gutierres', 'JA09LG', 'Tabasco', 'Comalcalco', 'Francisco bate', 'EL CHARCO', '3965210408', 'jua360@gmail.com'),
('enca027', 'Martha', 'Segura', 'Perez', 'MA96SP', 'Tabasco', 'Comalcalco', 'Guajillo', 'El tronco 2da ', '9362540128', 'mar960@gmail.com'),
('enca028', 'Jose fina', 'Lopez', 'Lopez', 'JO84lLL', 'Tabasco', 'Comalcalco', 'San bernardo', 'La cueva', '9210350412', 'fina78@gmail.com'),
('enca029', 'Vicente', 'Ramirez ', 'Fernandez ', 'VI85RF', 'Tabasco', 'Comalcalco', 'Leon zarate', 'El cruce ', '3652104895', 'fer524@gmail.com'),
('enca030', 'Eduardo', 'Rios', 'Ponce', 'ED69RP', 'Tabasco', 'Comalcalco', 'Arroyo ondo', 'carretera franco', '3621012568', 'Ada87@gmail.com'),
('enca031', 'Aaron', 'Hernandez ', 'Gimenez', 'AA52hg', 'Tabasco', 'Tacotalpa', 'Carlos greene', 'El piñal', '5630248165', 'aar845@gmail.com'),
('enca032', 'Julian ', 'Vega', 'Gimenes', 'JU84VG', 'Tabasco', 'Tacotalpa', 'El betania', 'Tierra baja ', '9562304127', 'Juli93@gmail.com'),
('enca033', 'Benito', 'Suarez ', 'Gutierres', 'BE85SG', 'Tabasco', 'Tacotalpa', 'Independencia', 'Los pericos', '3215876548', 'beni87@gmail.com'),
('enca034', 'Salomo ', 'Vasquez', 'Perez', 'AA86VP', 'Tabasco', 'Tacotalpa', 'Chichicapa', 'El tamarindo', '3501246898', 'Sal98@gmail.com'),
('enca035', 'Monica ', 'Landero', 'Mendoza ', 'MO02LM', 'Tabasco', 'Tacotalpa', 'Guayo', 'El niño', '2153489248', 'Mon864@gmail.com');

-- --------------------------------------------------------

--
-- Estructura de tabla para la tabla `estados`
--

DROP TABLE IF EXISTS `estados`;
CREATE TABLE IF NOT EXISTS `estados` (
  `id` int NOT NULL AUTO_INCREMENT,
  `estado` varchar(100) NOT NULL,
  PRIMARY KEY (`id`),
  KEY `id` (`id`,`estado`)
) ENGINE=InnoDB AUTO_INCREMENT=33 DEFAULT CHARSET=latin1;

--
-- Volcado de datos para la tabla `estados`
--

INSERT INTO `estados` (`id`, `estado`) VALUES
(1, 'Aguascalientes'),
(2, 'Baja California'),
(3, 'Baja California Sur'),
(4, 'Campeche'),
(5, 'Coahuila de Zaragoza'),
(6, 'Colima'),
(7, 'Chiapas'),
(8, 'Chihuahua'),
(9, 'Distrito Federal'),
(10, 'Durango'),
(11, 'Guanajuato'),
(12, 'Guerrero'),
(13, 'Hidalgo'),
(14, 'Jalisco'),
(15, 'México'),
(16, 'Michoacán de Ocampo'),
(17, 'Morelos'),
(18, 'Nayarit'),
(19, 'Nuevo León'),
(20, 'Oaxaca de Juárez'),
(21, 'Puebla'),
(22, 'Querétaro'),
(23, 'Quintana Roo'),
(24, 'San Luis Potosí'),
(25, 'Sinaloa'),
(26, 'Sonora'),
(27, 'Tabasco'),
(28, 'Tamaulipas'),
(29, 'Tlaxcala'),
(30, 'Veracruz de Ignacio de la Llave'),
(31, 'Yucatán'),
(32, 'Zacatecas');

-- --------------------------------------------------------

--
-- Estructura de tabla para la tabla `estados_municipios`
--

DROP TABLE IF EXISTS `estados_municipios`;
CREATE TABLE IF NOT EXISTS `estados_municipios` (
  `id` int NOT NULL AUTO_INCREMENT,
  `estados_id` int NOT NULL,
  `municipios_id` int NOT NULL,
  PRIMARY KEY (`id`),
  UNIQUE KEY `estados_id` (`estados_id`,`municipios_id`),
  KEY `estados_municipios_ibfk_1` (`municipios_id`)
) ENGINE=InnoDB AUTO_INCREMENT=2096 DEFAULT CHARSET=latin1;

-- --------------------------------------------------------

--
-- Estructura de tabla para la tabla `insumos`
--

DROP TABLE IF EXISTS `insumos`;
CREATE TABLE IF NOT EXISTS `insumos` (
  `ni` int NOT NULL COMMENT 'numero de insumo',
  `fve` varchar(10) NOT NULL COMMENT 'folio del beneficiario',
  `fch` varchar(10) NOT NULL COMMENT 'fecha',
  `hra` varchar(10) NOT NULL COMMENT 'hora',
  `mat` varchar(15) NOT NULL COMMENT 'material entregado',
  `deta` text NOT NULL COMMENT 'detalles',
  `marc` varchar(15) NOT NULL COMMENT 'marca',
  `cant` int NOT NULL COMMENT 'cantidad entregada',
  PRIMARY KEY (`ni`),
  UNIQUE KEY `fve` (`fve`)
) ENGINE=InnoDB DEFAULT CHARSET=utf8mb4 COLLATE=utf8mb4_0900_ai_ci;

--
-- Volcado de datos para la tabla `insumos`
--

INSERT INTO `insumos` (`ni`, `fve`, `fch`, `hra`, `mat`, `deta`, `marc`, `cant`) VALUES
(1, 'ben001', '01/19/2021', '5:30 pm', 'Palas', 'oxidada', 'Ferre', 30),
(2, 'ben002', '11/11/2020', '1:00 pm', 'pulverizadores', 'en buen estado', 'Ferre', 50),
(3, 'ben003', '01/20/2021', '3:00 pm', 'regaderas', 'en buen estado', 'Ferre', 20),
(4, 'ben004', '01/14/2021', '1:00 pm', ' Kits de riego ', 'en buen estado de entrega', 'klepers', 60),
(5, 'ben005', '01/04/2021', '1:00 pm', 'Paño', 'mal estado por mal uso', 'Ferre', 40),
(6, 'ben006', '09/16/2020', '2:20 pm', 'tijeras', 'en buen estado de uso', 'ferre', 100),
(7, 'ben007', '01/06/2021', '1:30 pm', 'Guantes', 'en buen estado', 'ferre', 150),
(8, 'ben008', '01/01/2021', '5:20 pm', ' Abonos o ferti', 'en buen estado', 'sika', 300),
(9, 'ben009', '01/20/2021', '10:00 a.m', 'Sustratos', 'en buen detalle de uso', 'chapin', 50),
(10, 'ben010', '01/28/2021', '9:00 a.m', ' Hidrojardinera', 'algunas llegan rotas por entrega', 'ferre', 202),
(11, 'ben011', '10/14/2020', '3:00 p.m', 'Sustrato para s', 'algunas llegan rotas', 'Dossier', 450),
(12, 'ben012', '01/26/2021', '2:30', 'bolsas de tirra', 'mal cuidado y rotas', 'dola', 240);

-- --------------------------------------------------------

--
-- Estructura de tabla para la tabla `login`
--

DROP TABLE IF EXISTS `login`;
CREATE TABLE IF NOT EXISTS `login` (
  `user` varchar(50) NOT NULL COMMENT 'usuario para iniciar sesión',
  `password` varchar(10) NOT NULL COMMENT 'Contraseña de la cuenta para iniciar la sesión',
  `tipo` varchar(50) NOT NULL COMMENT 'El cargo que tiene el usuario',
  PRIMARY KEY (`user`),
  KEY `user` (`user`,`password`,`tipo`)
) ENGINE=InnoDB DEFAULT CHARSET=latin1;

--
-- Volcado de datos para la tabla `login`
--

INSERT INTO `login` (`user`, `password`, `tipo`) VALUES
('Carlos127', '2354576', 'Beneficiario'),
('Darwin125', '3456789', 'Beneficiario'),
('Deybi131', '2334671', 'Beneficiario'),
('erick98', '12345', 'Admin'),
('Felipe134', '1239871', 'Beneficiario'),
('Guadalupe128', '2456576', 'Beneficiario'),
('Joaquin129', '2355671', 'Beneficiario'),
('Juana133', '9809871', 'Beneficiaria'),
('Maria126', '2345678', 'Beneficiario'),
('Rodrigo132', '9823671', 'Beneficiario'),
('Sebastian130', '2323671', 'Beneficiario');

-- --------------------------------------------------------

--
-- Estructura de tabla para la tabla `municipios`
--

DROP TABLE IF EXISTS `municipios`;
CREATE TABLE IF NOT EXISTS `municipios` (
  `id` int NOT NULL AUTO_INCREMENT,
  `municipio` varchar(100) NOT NULL,
  PRIMARY KEY (`id`),
  KEY `id` (`id`,`municipio`)
) ENGINE=InnoDB AUTO_INCREMENT=2096 DEFAULT CHARSET=latin1;

--
-- Volcado de datos para la tabla `municipios`
--

INSERT INTO `municipios` (`id`, `municipio`) VALUES
(1, 'Aguascalientes'),
(2, 'San Francisco de los Romo'),
(3, 'El Llano'),
(4, 'Rincón de Romos'),
(5, 'Cosío'),
(6, 'San José de Gracia'),
(7, 'Tepezalá'),
(8, 'Pabellón de Arteaga'),
(9, 'Asientos'),
(10, 'Calvillo'),
(11, 'Jesús María'),
(12, 'Mexicali'),
(13, 'Tecate'),
(14, 'Tijuana'),
(15, 'Playas de Rosarito'),
(16, 'Ensenada'),
(17, 'La Paz'),
(18, 'Los Cabos'),
(19, 'Comondú'),
(20, 'Loreto'),
(21, 'Mulegé'),
(22, 'Campeche'),
(23, 'Carmen'),
(24, 'Palizada'),
(25, 'Candelaria'),
(26, 'Escárcega'),
(27, 'Champotón'),
(28, 'Hopelchén'),
(29, 'Calakmul'),
(30, 'Tenabo'),
(31, 'Hecelchakán'),
(32, 'Calkiní'),
(33, 'Saltillo'),
(34, 'Arteaga'),
(35, 'Juárez'),
(36, 'Progreso'),
(37, 'Escobedo'),
(38, 'San Buenaventura'),
(39, 'Abasolo'),
(40, 'Candela'),
(41, 'Frontera'),
(42, 'Monclova'),
(43, 'Castaños'),
(44, 'Ramos Arizpe'),
(45, 'General Cepeda'),
(46, 'Piedras Negras'),
(47, 'Nava'),
(48, 'Acuña'),
(49, 'Múzquiz'),
(50, 'Jiménez'),
(51, 'Zaragoza'),
(52, 'Morelos'),
(53, 'Allende'),
(54, 'Villa Unión'),
(55, 'Guerrero'),
(56, 'Hidalgo'),
(57, 'Sabinas'),
(58, 'San Juan de Sabinas'),
(59, 'Torreón'),
(60, 'Matamoros'),
(61, 'Viesca'),
(62, 'Ocampo'),
(63, 'Nadadores'),
(64, 'Sierra Mojada'),
(65, 'Cuatro Ciénegas'),
(66, 'Lamadrid'),
(67, 'Sacramento'),
(68, 'San Pedro'),
(69, 'Francisco I. Madero'),
(70, 'Parras'),
(71, 'Colima'),
(72, 'Tecomán'),
(73, 'Manzanillo'),
(74, 'Armería'),
(75, 'Coquimatlán'),
(76, 'Comala'),
(77, 'Cuauhtémoc'),
(78, 'Ixtlahuacán'),
(79, 'Minatitlán'),
(80, 'Villa de Álvarez'),
(81, 'Tuxtla Gutiérrez'),
(82, 'San Fernando'),
(83, 'Berriozábal'),
(84, 'Ocozocoautla de Espinosa'),
(85, 'Suchiapa'),
(86, 'Chiapa de Corzo'),
(87, 'Osumacinta'),
(88, 'San Cristóbal de las Casas'),
(89, 'Chamula'),
(90, 'Ixtapa'),
(91, 'Zinacantán'),
(92, 'Acala'),
(93, 'Chiapilla'),
(94, 'San Lucas'),
(95, 'Teopisca'),
(96, 'Amatenango del Valle'),
(97, 'Chanal'),
(98, 'Oxchuc'),
(99, 'Huixtán'),
(100, 'Tenejapa'),
(101, 'Mitontic'),
(102, 'Reforma'),
(103, 'Juárez'),
(104, 'Pichucalco'),
(105, 'Sunuapa'),
(106, 'Ostuacán'),
(107, 'Francisco León'),
(108, 'Ixtacomitán'),
(109, 'Solosuchiapa'),
(110, 'Ixtapangajoya'),
(111, 'Tecpatán'),
(112, 'Copainalá'),
(113, 'Chicoasén'),
(114, 'Coapilla'),
(115, 'Pantepec'),
(116, 'Tapalapa'),
(117, 'Ocotepec'),
(118, 'Chapultenango'),
(119, 'Amatán'),
(120, 'Huitiupán'),
(121, 'Ixhuatán'),
(122, 'Tapilula'),
(123, 'Rayón'),
(124, 'Pueblo Nuevo Solistahuacán'),
(125, 'Jitotol'),
(126, 'Bochil'),
(127, 'Soyaló'),
(128, 'San Juan Cancuc'),
(129, 'Sabanilla'),
(130, 'Simojovel'),
(131, 'San Andrés Duraznal'),
(132, 'El Bosque'),
(133, 'Chalchihuitán'),
(134, 'Larráinzar'),
(135, 'Santiago el Pinar'),
(136, 'Chenalhó'),
(137, 'Aldama'),
(138, 'Pantelhó'),
(139, 'Sitalá'),
(140, 'Salto de Agua'),
(141, 'Tila'),
(142, 'Tumbalá'),
(143, 'Yajalón'),
(144, 'Ocosingo'),
(145, 'Chilón'),
(146, 'Benemérito de las Américas'),
(147, 'Marqués de Comillas'),
(148, 'Palenque'),
(149, 'La Libertad'),
(150, 'Catazajá'),
(151, 'Comitán de Domínguez'),
(152, 'Tzimol'),
(153, 'Chicomuselo'),
(154, 'Bella Vista'),
(155, 'Frontera Comalapa'),
(156, 'La Trinitaria'),
(157, 'La Independencia'),
(158, 'Maravilla Tenejapa'),
(159, 'Las Margaritas'),
(160, 'Altamirano'),
(161, 'Venustiano Carranza'),
(162, 'Totolapa'),
(163, 'Nicolás Ruíz'),
(164, 'Las Rosas'),
(165, 'La Concordia'),
(166, 'Angel Albino Corzo'),
(167, 'Montecristo de Guerrero'),
(168, 'Socoltenango'),
(169, 'Cintalapa'),
(170, 'Jiquipilas'),
(171, 'Arriaga'),
(172, 'Villaflores'),
(173, 'Tonalá'),
(174, 'Villa Corzo'),
(175, 'Pijijiapan'),
(176, 'Mapastepec'),
(177, 'Acapetahua'),
(178, 'Acacoyagua'),
(179, 'Escuintla'),
(180, 'Villa Comaltitlán'),
(181, 'Huixtla'),
(182, 'Mazatán'),
(183, 'Huehuetán'),
(184, 'Tuzantán'),
(185, 'Tapachula'),
(186, 'Suchiate'),
(187, 'Frontera Hidalgo'),
(188, 'Metapa'),
(189, 'Tuxtla Chico'),
(190, 'Unión Juárez'),
(191, 'Cacahoatán'),
(192, 'Motozintla'),
(193, 'Mazapa de Madero'),
(194, 'Amatenango de la Frontera'),
(195, 'Bejucal de Ocampo'),
(196, 'La Grandeza'),
(197, 'El Porvenir'),
(198, 'Siltepec'),
(199, 'Chihuahua'),
(200, 'Cuauhtémoc'),
(201, 'Riva Palacio'),
(202, 'Aquiles Serdán'),
(203, 'Bachíniva'),
(204, 'Guerrero'),
(205, 'Nuevo Casas Grandes'),
(206, 'Ascensión'),
(207, 'Janos'),
(208, 'Casas Grandes'),
(209, 'Galeana'),
(210, 'Buenaventura'),
(211, 'Gómez Farías'),
(212, 'Ignacio Zaragoza'),
(213, 'Madera'),
(214, 'Namiquipa'),
(215, 'Temósachic'),
(216, 'Matachí'),
(217, 'Juárez'),
(218, 'Guadalupe'),
(219, 'Praxedis G. Guerrero'),
(220, 'Ahumada'),
(221, 'Coyame del Sotol'),
(222, 'Ojinaga'),
(223, 'Aldama'),
(224, 'Julimes'),
(225, 'Manuel Benavides'),
(226, 'Delicias'),
(227, 'Rosales'),
(228, 'Meoqui'),
(229, 'Dr. Belisario Domínguez'),
(230, 'Satevó'),
(231, 'San Francisco de Borja'),
(232, 'Nonoava'),
(233, 'Guachochi'),
(234, 'Bocoyna'),
(235, 'Cusihuiriachi'),
(236, 'Gran Morelos'),
(237, 'Santa Isabel'),
(238, 'Carichí'),
(239, 'Uruachi'),
(240, 'Ocampo'),
(241, 'Moris'),
(242, 'Chínipas'),
(243, 'Maguarichi'),
(244, 'Guazapares'),
(245, 'Batopilas'),
(246, 'Urique'),
(247, 'Morelos'),
(248, 'Guadalupe y Calvo'),
(249, 'San Francisco del Oro'),
(250, 'Rosario'),
(251, 'Huejotitán'),
(252, 'El Tule'),
(253, 'Balleza'),
(254, 'Santa Bárbara'),
(255, 'Camargo'),
(256, 'Saucillo'),
(257, 'Valle de Zaragoza'),
(258, 'La Cruz'),
(259, 'San Francisco de Conchos'),
(260, 'Hidalgo del Parral'),
(261, 'Allende'),
(262, 'López'),
(263, 'Matamoros'),
(264, 'Jiménez'),
(265, 'Coronado'),
(266, 'Álvaro Obregón'),
(267, 'Azcapotzalco'),
(268, 'Benito Juárez'),
(269, 'Coyoacán'),
(270, 'Cuajimalpa de Morelos'),
(271, 'Cuauhtémoc'),
(272, 'Gustavo A. Madero'),
(273, 'Iztacalco'),
(274, 'Iztapalapa'),
(275, 'La Magdalena Contreras'),
(276, 'Miguel Hidalgo'),
(277, 'Milpa Alta'),
(278, 'Tláhuac'),
(279, 'Tlalpan'),
(280, 'Venustiano Carranza'),
(281, 'Xochimilco'),
(282, 'Durango'),
(283, 'Canatlán'),
(284, 'Nuevo Ideal'),
(285, 'Coneto de Comonfort'),
(286, 'San Juan del Río'),
(287, 'Canelas'),
(288, 'Topia'),
(289, 'Tamazula'),
(290, 'Santiago Papasquiaro'),
(291, 'Otáez'),
(292, 'San Dimas'),
(293, 'Guadalupe Victoria'),
(294, 'Peñón Blanco'),
(295, 'Pánuco de Coronado'),
(296, 'Poanas'),
(297, 'Nombre de Dios'),
(298, 'Vicente Guerrero'),
(299, 'Súchil'),
(300, 'Pueblo Nuevo'),
(301, 'Mezquital'),
(302, 'Gómez Palacio'),
(303, 'Lerdo'),
(304, 'Mapimí'),
(305, 'Tlahualilo'),
(306, 'Hidalgo'),
(307, 'Ocampo'),
(308, 'Guanaceví'),
(309, 'San Bernardo'),
(310, 'Indé'),
(311, 'San Pedro del Gallo'),
(312, 'Tepehuanes'),
(313, 'El Oro'),
(314, 'Nazas'),
(315, 'San Luis del Cordero'),
(316, 'Rodeo'),
(317, 'Cuencamé'),
(318, 'Santa Clara'),
(319, 'San Juan de Guadalupe'),
(320, 'General Simón Bolívar'),
(321, 'Guanajuato'),
(322, 'Silao de la Victoria'),
(323, 'Romita'),
(324, 'San Francisco del Rincón'),
(325, 'Purísima del Rincón'),
(326, 'Manuel Doblado'),
(327, 'Irapuato'),
(328, 'Salamanca'),
(329, 'Pueblo Nuevo'),
(330, 'Pénjamo'),
(331, 'Cuerámaro'),
(332, 'Abasolo'),
(333, 'Huanímaro'),
(334, 'León'),
(335, 'San Felipe'),
(336, 'Ocampo'),
(337, 'San Miguel de Allende'),
(338, 'Dolores Hidalgo Cuna de la Independencia Nacional'),
(339, 'San Diego de la Unión'),
(340, 'San Luis de la Paz'),
(341, 'Victoria'),
(342, 'Xichú'),
(343, 'Atarjea'),
(344, 'Santa Catarina'),
(345, 'Doctor Mora'),
(346, 'Tierra Blanca'),
(347, 'San José Iturbide'),
(348, 'Celaya'),
(349, 'Apaseo el Grande'),
(350, 'Comonfort'),
(351, 'Santa Cruz de Juventino Rosas'),
(352, 'Villagrán'),
(353, 'Cortazar'),
(354, 'Valle de Santiago'),
(355, 'Jaral del Progreso'),
(356, 'Apaseo el Alto'),
(357, 'Jerécuaro'),
(358, 'Coroneo'),
(359, 'Acámbaro'),
(360, 'Tarimoro'),
(361, 'Tarandacuao'),
(362, 'Moroleón'),
(363, 'Salvatierra'),
(364, 'Yuriria'),
(365, 'Santiago Maravatío'),
(366, 'Uriangato'),
(367, 'Chilpancingo de los Bravo'),
(368, 'General Heliodoro Castillo'),
(369, 'Leonardo Bravo'),
(370, 'Tixtla de Guerrero'),
(371, 'Ayutla de los Libres'),
(372, 'Mochitlán'),
(373, 'Quechultenango'),
(374, 'Tecoanapa'),
(375, 'Acapulco de Juárez'),
(376, 'Juan R. Escudero'),
(377, 'San Marcos'),
(378, 'Iguala de la Independencia'),
(379, 'Huitzuco de los Figueroa'),
(380, 'Tepecoacuilco de Trujano'),
(381, 'Eduardo Neri'),
(382, 'Taxco de Alarcón'),
(383, 'Buenavista de Cuéllar'),
(384, 'Tetipac'),
(385, 'Pilcaya'),
(386, 'Teloloapan'),
(387, 'Ixcateopan de Cuauhtémoc'),
(388, 'Pedro Ascencio Alquisiras'),
(389, 'General Canuto A. Neri'),
(390, 'Arcelia'),
(391, 'Apaxtla'),
(392, 'Cuetzala del Progreso'),
(393, 'Cocula'),
(394, 'Tlapehuala'),
(395, 'Cutzamala de Pinzón'),
(396, 'Pungarabato'),
(397, 'Tlalchapa'),
(398, 'Coyuca de Catalán'),
(399, 'Ajuchitlán del Progreso'),
(400, 'Zirándaro'),
(401, 'San Miguel Totolapan'),
(402, 'La Unión de Isidoro Montes de Oca'),
(403, 'Petatlán'),
(404, 'Coahuayutla de José María Izazaga'),
(405, 'Zihuatanejo de Azueta'),
(406, 'Técpan de Galeana'),
(407, 'Atoyac de Álvarez'),
(408, 'Benito Juárez'),
(409, 'Coyuca de Benítez'),
(410, 'Olinalá'),
(411, 'Atenango del Río'),
(412, 'Copalillo'),
(413, 'Cualác'),
(414, 'Chilapa de Álvarez'),
(415, 'José Joaquín de Herrera'),
(416, 'Ahuacuotzingo'),
(417, 'Zitlala'),
(418, 'Mártir de Cuilapan'),
(419, 'Huamuxtitlán'),
(420, 'Xochihuehuetlán'),
(421, 'Alpoyeca'),
(422, 'Tlapa de Comonfort'),
(423, 'Tlalixtaquilla de Maldonado'),
(424, 'Xalpatláhuac'),
(425, 'Zapotitlán Tablas'),
(426, 'Acatepec'),
(427, 'Atlixtac'),
(428, 'Copanatoyac'),
(429, 'Malinaltepec'),
(430, 'Iliatenco'),
(431, 'Tlacoapa'),
(432, 'Atlamajalcingo del Monte'),
(433, 'San Luis Acatlán'),
(434, 'Metlatónoc'),
(435, 'Cochoapa el Grande'),
(436, 'Alcozauca de Guerrero'),
(437, 'Ometepec'),
(438, 'Tlacoachistlahuaca'),
(439, 'Xochistlahuaca'),
(440, 'Florencio Villarreal'),
(441, 'Cuautepec'),
(442, 'Copala'),
(443, 'Azoyú'),
(444, 'Juchitán'),
(445, 'Marquelia'),
(446, 'Cuajinicuilapa'),
(447, 'Igualapa'),
(448, 'Pachuca de Soto'),
(449, 'Mineral del Chico'),
(450, 'Mineral del Monte'),
(451, 'Ajacuba'),
(452, 'San Agustín Tlaxiaca'),
(453, 'Mineral de la Reforma'),
(454, 'Zapotlán de Juárez'),
(455, 'Jacala de Ledezma'),
(456, 'Pisaflores'),
(457, 'Pacula'),
(458, 'La Misión'),
(459, 'Chapulhuacán'),
(460, 'Ixmiquilpan'),
(461, 'Zimapán'),
(462, 'Nicolás Flores'),
(463, 'Cardonal'),
(464, 'Tasquillo'),
(465, 'Alfajayucan'),
(466, 'Huichapan'),
(467, 'Tecozautla'),
(468, 'Nopala de Villagrán'),
(469, 'Actopan'),
(470, 'Santiago de Anaya'),
(471, 'San Salvador'),
(472, 'Francisco I. Madero'),
(473, 'El Arenal'),
(474, 'Mixquiahuala de Juárez'),
(475, 'Progreso de Obregón'),
(476, 'Chilcuautla'),
(477, 'Tezontepec de Aldama'),
(478, 'Tlahuelilpan'),
(479, 'Tula de Allende'),
(480, 'Tepeji del Río de Ocampo'),
(481, 'Chapantongo'),
(482, 'Tepetitlán'),
(483, 'Tetepango'),
(484, 'Tlaxcoapan'),
(485, 'Atitalaquia'),
(486, 'Atotonilco de Tula'),
(487, 'Huejutla de Reyes'),
(488, 'San Felipe Orizatlán'),
(489, 'Jaltocán'),
(490, 'Huautla'),
(491, 'Atlapexco'),
(492, 'Huazalingo'),
(493, 'Yahualica'),
(494, 'Xochiatipan'),
(495, 'Molango de Escamilla'),
(496, 'Tepehuacán de Guerrero'),
(497, 'Lolotla'),
(498, 'Tlanchinol'),
(499, 'Tlahuiltepa'),
(500, 'Juárez Hidalgo'),
(501, 'Zacualtipán de Ángeles'),
(502, 'Calnali'),
(503, 'Xochicoatlán'),
(504, 'Tianguistengo'),
(505, 'Atotonilco el Grande'),
(506, 'Eloxochitlán'),
(507, 'Metztitlán'),
(508, 'San Agustín Metzquititlán'),
(509, 'Metepec'),
(510, 'Huehuetla'),
(511, 'San Bartolo Tutotepec'),
(512, 'Agua Blanca de Iturbide'),
(513, 'Tenango de Doria'),
(514, 'Huasca de Ocampo'),
(515, 'Acatlán'),
(516, 'Omitlán de Juárez'),
(517, 'Epazoyucan'),
(518, 'Tulancingo de Bravo'),
(519, 'Acaxochitlán'),
(520, 'Cuautepec de Hinojosa'),
(521, 'Santiago Tulantepec de Lugo Guerrero'),
(522, 'Singuilucan'),
(523, 'Tizayuca'),
(524, 'Zempoala'),
(525, 'Tolcayuca'),
(526, 'Villa de Tezontepec'),
(527, 'Apan'),
(528, 'Tlanalapa'),
(529, 'Almoloya'),
(530, 'Emiliano Zapata'),
(531, 'Tepeapulco'),
(532, 'Guadalajara'),
(533, 'Zapopan'),
(534, 'San Cristóbal de la Barranca'),
(535, 'Ixtlahuacán del Río'),
(536, 'Tala'),
(537, 'El Arenal'),
(538, 'Amatitán'),
(539, 'Tonalá'),
(540, 'Zapotlanejo'),
(541, 'Acatic'),
(542, 'Cuquío'),
(543, 'San Pedro Tlaquepaque'),
(544, 'Tlajomulco de Zúñiga'),
(545, 'El Salto'),
(546, 'Acatlán de Juárez'),
(547, 'Villa Corona'),
(548, 'Zacoalco de Torres'),
(549, 'Atemajac de Brizuela'),
(550, 'Jocotepec'),
(551, 'Ixtlahuacán de los Membrillos'),
(552, 'Juanacatlán'),
(553, 'Chapala'),
(554, 'Poncitlán'),
(555, 'Zapotlán del Rey'),
(556, 'Huejuquilla el Alto'),
(557, 'Mezquitic'),
(558, 'Villa Guerrero'),
(559, 'Bolaños'),
(560, 'Totatiche'),
(561, 'Colotlán'),
(562, 'Santa María de los Ángeles'),
(563, 'Huejúcar'),
(564, 'Chimaltitán'),
(565, 'San Martín de Bolaños'),
(566, 'Tequila'),
(567, 'Hostotipaquillo'),
(568, 'Magdalena'),
(569, 'Etzatlán'),
(570, 'San Marcos'),
(571, 'San Juanito de Escobedo'),
(572, 'Ameca'),
(573, 'Ahualulco de Mercado'),
(574, 'Teuchitlán'),
(575, 'San Martín Hidalgo'),
(576, 'Guachinango'),
(577, 'Mixtlán'),
(578, 'Mascota'),
(579, 'San Sebastián del Oeste'),
(580, 'San Juan de los Lagos'),
(581, 'Jalostotitlán'),
(582, 'San Miguel el Alto'),
(583, 'San Julián'),
(584, 'Arandas'),
(585, 'San Ignacio Cerro Gordo'),
(586, 'Teocaltiche'),
(587, 'Villa Hidalgo'),
(588, 'Encarnación de Díaz'),
(589, 'Yahualica de González Gallo'),
(590, 'Mexticacán'),
(591, 'Cañadas de Obregón'),
(592, 'Valle de Guadalupe'),
(593, 'Lagos de Moreno'),
(594, 'Ojuelos de Jalisco'),
(595, 'Unión de San Antonio'),
(596, 'San Diego de Alejandría'),
(597, 'Tepatitlán de Morelos'),
(598, 'Tototlán'),
(599, 'Atotonilco el Alto'),
(600, 'Ocotlán'),
(601, 'Jamay'),
(602, 'La Barca'),
(603, 'Ayotlán'),
(604, 'Jesús María'),
(605, 'Degollado'),
(606, 'Unión de Tula'),
(607, 'Ayutla'),
(608, 'Atenguillo'),
(609, 'Cuautla'),
(610, 'Atengo'),
(611, 'Talpa de Allende'),
(612, 'Puerto Vallarta'),
(613, 'Cabo Corrientes'),
(614, 'Tomatlán'),
(615, 'Cocula'),
(616, 'Tecolotlán'),
(617, 'Tenamaxtlán'),
(618, 'Juchitlán'),
(619, 'Chiquilistlán'),
(620, 'Ejutla'),
(621, 'El Limón'),
(622, 'El Grullo'),
(623, 'Tonaya'),
(624, 'Tuxcacuesco'),
(625, 'Villa Purificación'),
(626, 'La Huerta'),
(627, 'Autlán de Navarro'),
(628, 'Casimiro Castillo'),
(629, 'Cuautitlán de García Barragán'),
(630, 'Cihuatlán'),
(631, 'Zapotlán el Grande'),
(632, 'Gómez Farías'),
(633, 'Concepción de Buenos Aires'),
(634, 'Atoyac'),
(635, 'Techaluta de Montenegro'),
(636, 'Teocuitatlán de Corona'),
(637, 'Sayula'),
(638, 'Tapalpa'),
(639, 'Amacueca'),
(640, 'Tizapán el Alto'),
(641, 'Tuxcueca'),
(642, 'La Manzanilla de la Paz'),
(643, 'Mazamitla'),
(644, 'Valle de Juárez'),
(645, 'Quitupan'),
(646, 'Zapotiltic'),
(647, 'Tamazula de Gordiano'),
(648, 'San Gabriel'),
(649, 'Tolimán'),
(650, 'Zapotitlán de Vadillo'),
(651, 'Tuxpan'),
(652, 'Tonila'),
(653, 'Pihuamo'),
(654, 'Tecalitlán'),
(655, 'Jilotlán de los Dolores'),
(656, 'Santa María del Oro'),
(657, 'Toluca'),
(658, 'Acambay de Ruíz Castañeda'),
(659, 'Aculco'),
(660, 'Temascalcingo'),
(661, 'Atlacomulco'),
(662, 'Timilpan'),
(663, 'Morelos'),
(664, 'El Oro'),
(665, 'San Felipe del Progreso'),
(666, 'San José del Rincón'),
(667, 'Jocotitlán'),
(668, 'Ixtlahuaca'),
(669, 'Jiquipilco'),
(670, 'Temoaya'),
(671, 'Almoloya de Juárez'),
(672, 'Villa Victoria'),
(673, 'Villa de Allende'),
(674, 'Donato Guerra'),
(675, 'Ixtapan del Oro'),
(676, 'Santo Tomás'),
(677, 'Otzoloapan'),
(678, 'Zacazonapan'),
(679, 'Valle de Bravo'),
(680, 'Amanalco'),
(681, 'Temascaltepec'),
(682, 'Zinacantepec'),
(683, 'Tejupilco'),
(684, 'Luvianos'),
(685, 'San Simón de Guerrero'),
(686, 'Amatepec'),
(687, 'Tlatlaya'),
(688, 'Sultepec'),
(689, 'Texcaltitlán'),
(690, 'Coatepec Harinas'),
(691, 'Villa Guerrero'),
(692, 'Zacualpan'),
(693, 'Almoloya de Alquisiras'),
(694, 'Ixtapan de la Sal'),
(695, 'Tonatico'),
(696, 'Zumpahuacán'),
(697, 'Lerma'),
(698, 'Xonacatlán'),
(699, 'Otzolotepec'),
(700, 'San Mateo Atenco'),
(701, 'Metepec'),
(702, 'Mexicaltzingo'),
(703, 'Calimaya'),
(704, 'Chapultepec'),
(705, 'San Antonio la Isla'),
(706, 'Tenango del Valle'),
(707, 'Rayón'),
(708, 'Joquicingo'),
(709, 'Tenancingo'),
(710, 'Malinalco'),
(711, 'Ocuilan'),
(712, 'Atizapán'),
(713, 'Almoloya del Río'),
(714, 'Texcalyacac'),
(715, 'Tianguistenco'),
(716, 'Xalatlaco'),
(717, 'Capulhuac'),
(718, 'Ocoyoacac'),
(719, 'Huixquilucan'),
(720, 'Atizapán de Zaragoza'),
(721, 'Naucalpan de Juárez'),
(722, 'Tlalnepantla de Baz'),
(723, 'Polotitlán'),
(724, 'Jilotepec'),
(725, 'Soyaniquilpan de Juárez'),
(726, 'Villa del Carbón'),
(727, 'Chapa de Mota'),
(728, 'Nicolás Romero'),
(729, 'Isidro Fabela'),
(730, 'Jilotzingo'),
(731, 'Tepotzotlán'),
(732, 'Coyotepec'),
(733, 'Huehuetoca'),
(734, 'Cuautitlán Izcalli'),
(735, 'Teoloyucan'),
(736, 'Cuautitlán'),
(737, 'Melchor Ocampo'),
(738, 'Tultitlán'),
(739, 'Tultepec'),
(740, 'Ecatepec de Morelos'),
(741, 'Zumpango'),
(742, 'Tequixquiac'),
(743, 'Apaxco'),
(744, 'Hueypoxtla'),
(745, 'Coacalco de Berriozábal'),
(746, 'Tecámac'),
(747, 'Jaltenco'),
(748, 'Tonanitla'),
(749, 'Nextlalpan'),
(750, 'Teotihuacán'),
(751, 'San Martín de las Pirámides'),
(752, 'Acolman'),
(753, 'Otumba'),
(754, 'Axapusco'),
(755, 'Nopaltepec'),
(756, 'Temascalapa'),
(757, 'Tezoyuca'),
(758, 'Chiautla'),
(759, 'Papalotla'),
(760, 'Tepetlaoxtoc'),
(761, 'Texcoco'),
(762, 'Chiconcuac'),
(763, 'Atenco'),
(764, 'Chimalhuacán'),
(765, 'Chicoloapan'),
(766, 'La Paz'),
(767, 'Ixtapaluca'),
(768, 'Chalco'),
(769, 'Valle de Chalco Solidaridad'),
(770, 'Temamatla'),
(771, 'Cocotitlán'),
(772, 'Tlalmanalco'),
(773, 'Ayapango'),
(774, 'Tenango del Aire'),
(775, 'Ozumba'),
(776, 'Juchitepec'),
(777, 'Tepetlixpa'),
(778, 'Amecameca'),
(779, 'Atlautla'),
(780, 'Ecatzingo'),
(781, 'Nezahualcóyotl'),
(782, 'Morelia'),
(783, 'Huaniqueo'),
(784, 'Coeneo'),
(785, 'Quiroga'),
(786, 'Tzintzuntzan'),
(787, 'Lagunillas'),
(788, 'Acuitzio'),
(789, 'Madero'),
(790, 'Puruándiro'),
(791, 'José Sixto Verduzco'),
(792, 'Angamacutiro'),
(793, 'Panindícuaro'),
(794, 'Zacapu'),
(795, 'Tlazazalca'),
(796, 'Purépero'),
(797, 'Jiménez'),
(798, 'Morelos'),
(799, 'Huandacareo'),
(800, 'Cuitzeo'),
(801, 'Chucándiro'),
(802, 'Copándaro'),
(803, 'Tarímbaro'),
(804, 'Santa Ana Maya'),
(805, 'Álvaro Obregón'),
(806, 'Zinapécuaro'),
(807, 'Indaparapeo'),
(808, 'Queréndaro'),
(809, 'Sahuayo'),
(810, 'Briseñas'),
(811, 'Cojumatlán de Régules'),
(812, 'Venustiano Carranza'),
(813, 'Pajacuarán'),
(814, 'Vista Hermosa'),
(815, 'Tanhuato'),
(816, 'Yurécuaro'),
(817, 'Ixtlán'),
(818, 'La Piedad'),
(819, 'Numarán'),
(820, 'Churintzio'),
(821, 'Zináparo'),
(822, 'Penjamillo'),
(823, 'Marcos Castellanos'),
(824, 'Jiquilpan'),
(825, 'Villamar'),
(826, 'Chavinda'),
(827, 'Zamora'),
(828, 'Ecuandureo'),
(829, 'Tangancícuaro'),
(830, 'Chilchota'),
(831, 'Jacona'),
(832, 'Tangamandapio'),
(833, 'Cotija'),
(834, 'Tocumbo'),
(835, 'Tingüindín'),
(836, 'Uruapan'),
(837, 'Charapan'),
(838, 'Paracho'),
(839, 'Cherán'),
(840, 'Nahuatzen'),
(841, 'Tingambato'),
(842, 'Los Reyes'),
(843, 'Peribán'),
(844, 'Tancítaro'),
(845, 'Nuevo Parangaricutiro'),
(846, 'Buenavista'),
(847, 'Tepalcatepec'),
(848, 'Aguililla'),
(849, 'Apatzingán'),
(850, 'Parácuaro'),
(851, 'Coahuayana'),
(852, 'Chinicuila'),
(853, 'Coalcomán de Vázquez Pallares'),
(854, 'Aquila'),
(855, 'Tumbiscatío'),
(856, 'Arteaga'),
(857, 'Lázaro Cárdenas'),
(858, 'Epitacio Huerta'),
(859, 'Contepec'),
(860, 'Tlalpujahua'),
(861, 'Hidalgo'),
(862, 'Maravatío'),
(863, 'Irimbo'),
(864, 'Senguio'),
(865, 'Charo'),
(866, 'Tzitzio'),
(867, 'Tiquicheo de Nicolás Romero'),
(868, 'Aporo'),
(869, 'Angangueo'),
(870, 'Tuxpan'),
(871, 'Ocampo'),
(872, 'Jungapeo'),
(873, 'Zitácuaro'),
(874, 'Tuzantla'),
(875, 'Juárez'),
(876, 'Susupuato'),
(877, 'Pátzcuaro'),
(878, 'Erongarícuaro'),
(879, 'Huiramba'),
(880, 'Tacámbaro'),
(881, 'Turicato'),
(882, 'Ziracuaretiro'),
(883, 'Taretan'),
(884, 'Gabriel Zamora'),
(885, 'Nuevo Urecho'),
(886, 'Múgica'),
(887, 'Salvador Escalante'),
(888, 'Ario'),
(889, 'La Huacana'),
(890, 'Churumuco'),
(891, 'Nocupétaro'),
(892, 'Carácuaro'),
(893, 'Huetamo'),
(894, 'San Lucas'),
(895, 'Cuernavaca'),
(896, 'Huitzilac'),
(897, 'Tepoztlán'),
(898, 'Tlalnepantla'),
(899, 'Tlayacapan'),
(900, 'Jiutepec'),
(901, 'Temixco'),
(902, 'Miacatlán'),
(903, 'Coatlán del Río'),
(904, 'Tetecala'),
(905, 'Mazatepec'),
(906, 'Amacuzac'),
(907, 'Puente de Ixtla'),
(908, 'Ayala'),
(909, 'Yautepec'),
(910, 'Cuautla'),
(911, 'Emiliano Zapata'),
(912, 'Tlaltizapán de Zapata'),
(913, 'Zacatepec'),
(914, 'Xochitepec'),
(915, 'Tetela del Volcán'),
(916, 'Yecapixtla'),
(917, 'Totolapan'),
(918, 'Atlatlahucan'),
(919, 'Ocuituco'),
(920, 'Temoac'),
(921, 'Zacualpan'),
(922, 'Jojutla'),
(923, 'Tepalcingo'),
(924, 'Jonacatepec'),
(925, 'Axochiapan'),
(926, 'Jantetelco'),
(927, 'Tlaquiltenango'),
(928, 'Tepic'),
(929, 'Tuxpan'),
(930, 'Santiago Ixcuintla'),
(931, 'Acaponeta'),
(932, 'Tecuala'),
(933, 'Huajicori'),
(934, 'Del Nayar'),
(935, 'La Yesca'),
(936, 'Ruíz'),
(937, 'Rosamorada'),
(938, 'Compostela'),
(939, 'Bahía de Banderas'),
(940, 'San Blas'),
(941, 'Xalisco'),
(942, 'San Pedro Lagunillas'),
(943, 'Santa María del Oro'),
(944, 'Jala'),
(945, 'Ahuacatlán'),
(946, 'Ixtlán del Río'),
(947, 'Amatlán de Cañas'),
(948, 'Monterrey'),
(949, 'Anáhuac'),
(950, 'Lampazos de Naranjo'),
(951, 'Mina'),
(952, 'Bustamante'),
(953, 'Sabinas Hidalgo'),
(954, 'Villaldama'),
(955, 'Vallecillo'),
(956, 'Parás'),
(957, 'Salinas Victoria'),
(958, 'Ciénega de Flores'),
(959, 'Hidalgo'),
(960, 'Abasolo'),
(961, 'Higueras'),
(962, 'General Zuazua'),
(963, 'Agualeguas'),
(964, 'General Treviño'),
(965, 'Cerralvo'),
(966, 'Melchor Ocampo'),
(967, 'García'),
(968, 'General Escobedo'),
(969, 'Santa Catarina'),
(970, 'San Pedro Garza García'),
(971, 'San Nicolás de los Garza'),
(972, 'El Carmen'),
(973, 'Apodaca'),
(974, 'Pesquería'),
(975, 'Marín'),
(976, 'Doctor González'),
(977, 'Los Ramones'),
(978, 'Los Herreras'),
(979, 'Los Aldamas'),
(980, 'Doctor Coss'),
(981, 'General Bravo'),
(982, 'China'),
(983, 'Guadalupe'),
(984, 'Juárez'),
(985, 'Santiago'),
(986, 'Allende'),
(987, 'General Terán'),
(988, 'Cadereyta Jiménez'),
(989, 'Montemorelos'),
(990, 'Rayones'),
(991, 'Linares'),
(992, 'Iturbide'),
(993, 'Galeana'),
(994, 'Hualahuises'),
(995, 'Doctor Arroyo'),
(996, 'Aramberri'),
(997, 'General Zaragoza'),
(998, 'Mier y Noriega'),
(999, 'Oaxaca de Juárez'),
(1000, 'Villa de Etla'),
(1001, 'San Juan Bautista Atatlahuca'),
(1002, 'San Jerónimo Sosola'),
(1003, 'San Juan Bautista Jayacatlán'),
(1004, 'San Francisco Telixtlahuaca'),
(1005, 'Santiago Tenango'),
(1006, 'San Pablo Huitzo'),
(1007, 'San Juan del Estado'),
(1008, 'Magdalena Apasco'),
(1009, 'Santiago Suchilquitongo'),
(1010, 'San Juan Bautista Guelache'),
(1011, 'Reyes Etla'),
(1012, 'Nazareno Etla'),
(1013, 'San Andrés Zautla'),
(1014, 'San Agustín Etla'),
(1015, 'Soledad Etla'),
(1016, 'Santo Tomás Mazaltepec'),
(1017, 'Guadalupe Etla'),
(1018, 'San Pablo Etla'),
(1019, 'San Felipe Tejalápam'),
(1020, 'San Lorenzo Cacaotepec'),
(1021, 'Santa María Peñoles'),
(1022, 'Santiago Tlazoyaltepec'),
(1023, 'Tlalixtac de Cabrera'),
(1024, 'San Jacinto Amilpas'),
(1025, 'San Andrés Huayápam'),
(1026, 'San Agustín Yatareni'),
(1027, 'Santo Domingo Tomaltepec'),
(1028, 'Santa María del Tule'),
(1029, 'San Juan Bautista Tuxtepec'),
(1030, 'Loma Bonita'),
(1031, 'San José Independencia'),
(1032, 'Cosolapa'),
(1033, 'Acatlán de Pérez Figueroa'),
(1034, 'San Miguel Soyaltepec'),
(1035, 'Ayotzintepec'),
(1036, 'San Pedro Ixcatlán'),
(1037, 'San José Chiltepec'),
(1038, 'San Felipe Jalapa de Díaz'),
(1039, 'Santa María Jacatepec'),
(1040, 'San Lucas Ojitlán'),
(1041, 'San Juan Bautista Valle Nacional'),
(1042, 'San Felipe Usila'),
(1043, 'Huautla de Jiménez'),
(1044, 'Santa María Chilchotla'),
(1045, 'Santa Ana Ateixtlahuaca'),
(1046, 'San Lorenzo Cuaunecuiltitla'),
(1047, 'San Francisco Huehuetlán'),
(1048, 'San Pedro Ocopetatillo'),
(1049, 'Santa Cruz Acatepec'),
(1050, 'Eloxochitlán de Flores Magón'),
(1051, 'Santiago Texcalcingo'),
(1052, 'Teotitlán de Flores Magón'),
(1053, 'Santa María Teopoxco'),
(1054, 'San Martín Toxpalan'),
(1055, 'San Jerónimo Tecóatl'),
(1056, 'Santa María la Asunción'),
(1057, 'Huautepec'),
(1058, 'San Juan Coatzóspam'),
(1059, 'San Lucas Zoquiápam'),
(1060, 'San Antonio Nanahuatípam'),
(1061, 'San José Tenango'),
(1062, 'San Mateo Yoloxochitlán'),
(1063, 'San Bartolomé Ayautla'),
(1064, 'Mazatlán Villa de Flores'),
(1065, 'San Juan de los Cués'),
(1066, 'Santa María Tecomavaca'),
(1067, 'Santa María Ixcatlán'),
(1068, 'San Juan Bautista Cuicatlán'),
(1069, 'Cuyamecalco Villa de Zaragoza'),
(1070, 'Santa Ana Cuauhtémoc'),
(1071, 'Chiquihuitlán de Benito Juárez'),
(1072, 'San Pedro Teutila'),
(1073, 'San Miguel Santa Flor'),
(1074, 'Santa María Tlalixtac'),
(1075, 'San Andrés Teotilálpam'),
(1076, 'San Francisco Chapulapa'),
(1077, 'Concepción Pápalo'),
(1078, 'Santos Reyes Pápalo'),
(1079, 'San Juan Bautista Tlacoatzintepec'),
(1080, 'Santa María Pápalo'),
(1081, 'San Juan Tepeuxila'),
(1082, 'San Pedro Sochiápam'),
(1083, 'Valerio Trujano'),
(1084, 'San Pedro Jocotipac'),
(1085, 'Santa María Texcatitlán'),
(1086, 'San Pedro Jaltepetongo'),
(1087, 'Santiago Nacaltepec'),
(1088, 'Natividad'),
(1089, 'San Juan Quiotepec'),
(1090, 'San Pedro Yólox'),
(1091, 'Santiago Comaltepec'),
(1092, 'Abejones'),
(1093, 'San Pablo Macuiltianguis'),
(1094, 'Ixtlán de Juárez'),
(1095, 'San Juan Atepec'),
(1096, 'San Pedro Yaneri'),
(1097, 'San Miguel Aloápam'),
(1098, 'Teococuilco de Marcos Pérez'),
(1099, 'Santa Ana Yareni'),
(1100, 'San Juan Evangelista Analco'),
(1101, 'Santa María Jaltianguis'),
(1102, 'San Miguel del Río'),
(1103, 'San Juan Chicomezúchil'),
(1104, 'Capulálpam de Méndez'),
(1105, 'Nuevo Zoquiápam'),
(1106, 'Santiago Xiacuí'),
(1107, 'Guelatao de Juárez'),
(1108, 'Santa Catarina Ixtepeji'),
(1109, 'San Miguel Yotao'),
(1110, 'Santa Catarina Lachatao'),
(1111, 'San Miguel Amatlán'),
(1112, 'Santa María Yavesía'),
(1113, 'Santiago Laxopa'),
(1114, 'San Ildefonso Villa Alta'),
(1115, 'Santiago Camotlán'),
(1116, 'San Juan Yaeé'),
(1117, 'Santiago Lalopa'),
(1118, 'San Juan Yatzona'),
(1119, 'Villa Talea de Castro'),
(1120, 'Tanetze de Zaragoza'),
(1121, 'San Juan Juquila Vijanos'),
(1122, 'San Cristóbal Lachirioag'),
(1123, 'Santa María Temaxcalapa'),
(1124, 'Santo Domingo Roayaga'),
(1125, 'Santa María Yalina'),
(1126, 'San Andrés Solaga'),
(1127, 'San Juan Tabaá'),
(1128, 'San Melchor Betaza'),
(1129, 'San Andrés Yaá'),
(1130, 'San Bartolomé Zoogocho'),
(1131, 'San Baltazar Yatzachi el Bajo'),
(1132, 'Santiago Zoochila'),
(1133, 'Villa Hidalgo'),
(1134, 'San Francisco Cajonos'),
(1135, 'San Mateo Cajonos'),
(1136, 'San Pedro Cajonos'),
(1137, 'Santo Domingo Xagacía'),
(1138, 'San Pablo Yaganiza'),
(1139, 'Santiago Choápam'),
(1140, 'Santiago Jocotepec'),
(1141, 'San Juan Lalana'),
(1142, 'Santiago Yaveo'),
(1143, 'San Juan Petlapa'),
(1144, 'San Juan Comaltepec'),
(1145, 'Heroica Ciudad de Huajuapan de León'),
(1146, 'Santiago Chazumba'),
(1147, 'Cosoltepec'),
(1148, 'San Pedro y San Pablo Tequixtepec'),
(1149, 'San Juan Bautista Suchitepec'),
(1150, 'Santa Catarina Zapoquila'),
(1151, 'Santiago Miltepec'),
(1152, 'San Jerónimo Silacayoapilla'),
(1153, 'Zapotitlán Palmas'),
(1154, 'San Andrés Dinicuiti'),
(1155, 'Santiago Cacaloxtepec'),
(1156, 'Asunción Cuyotepeji'),
(1157, 'Santa María Camotlán'),
(1158, 'Santiago Huajolotitlán'),
(1159, 'Santiago Tamazola'),
(1160, 'San Juan Cieneguilla'),
(1161, 'Zapotitlán Lagunas'),
(1162, 'San Juan Ihualtepec'),
(1163, 'San Nicolás Hidalgo'),
(1164, 'Guadalupe de Ramírez'),
(1165, 'San Andrés Tepetlapa'),
(1166, 'San Miguel Ahuehuetitlán'),
(1167, 'San Mateo Nejápam'),
(1168, 'San Juan Bautista Tlachichilco'),
(1169, 'Tezoatlán de Segura y Luna'),
(1170, 'Fresnillo de Trujano'),
(1171, 'Santiago Ayuquililla'),
(1172, 'San José Ayuquila'),
(1173, 'San Martín Zacatepec'),
(1174, 'San Miguel Amatitlán'),
(1175, 'Mariscala de Juárez'),
(1176, 'Santa Cruz Tacache de Mina'),
(1177, 'San Simón Zahuatlán'),
(1178, 'San Marcos Arteaga'),
(1179, 'San Jorge Nuchita'),
(1180, 'Santos Reyes Yucuná'),
(1181, 'Santo Domingo Tonalá'),
(1182, 'Santo Domingo Yodohino'),
(1183, 'San Juan Bautista Coixtlahuaca'),
(1184, 'Tepelmeme Villa de Morelos'),
(1185, 'Concepción Buenavista'),
(1186, 'Santiago Ihuitlán Plumas'),
(1187, 'Tlacotepec Plumas'),
(1188, 'San Francisco Teopan'),
(1189, 'Santa Magdalena Jicotlán'),
(1190, 'San Mateo Tlapiltepec'),
(1191, 'San Miguel Tequixtepec'),
(1192, 'San Miguel Tulancingo'),
(1193, 'Santiago Tepetlapa'),
(1194, 'San Cristóbal Suchixtlahuaca'),
(1195, 'Santa María Nativitas'),
(1196, 'Silacayoápam'),
(1197, 'Santiago Yucuyachi'),
(1198, 'San Lorenzo Victoria'),
(1199, 'San Agustín Atenango'),
(1200, 'Calihualá'),
(1201, 'Santa Cruz de Bravo'),
(1202, 'Ixpantepec Nieves'),
(1203, 'San Francisco Tlapancingo'),
(1204, 'Santiago del Río'),
(1205, 'San Pedro y San Pablo Teposcolula'),
(1206, 'La Trinidad Vista Hermosa'),
(1207, 'Villa de Tamazulápam del Progreso'),
(1208, 'San Pedro Nopala'),
(1209, 'Teotongo'),
(1210, 'San Antonio Acutla'),
(1211, 'Villa Tejúpam de la Unión'),
(1212, 'Santo Domingo Tonaltepec'),
(1213, 'Villa de Chilapa de Díaz'),
(1214, 'San Antonino Monte Verde'),
(1215, 'San Andrés Lagunas'),
(1216, 'San Pedro Yucunama'),
(1217, 'San Juan Teposcolula'),
(1218, 'San Bartolo Soyaltepec'),
(1219, 'Santiago Yolomécatl'),
(1220, 'San Sebastián Nicananduta'),
(1221, 'Santo Domingo Tlatayápam'),
(1222, 'Santa María Nduayaco'),
(1223, 'San Vicente Nuñú'),
(1224, 'San Pedro Topiltepec'),
(1225, 'Santiago Nejapilla'),
(1226, 'Asunción Nochixtlán'),
(1227, 'San Miguel Huautla'),
(1228, 'San Miguel Chicahua'),
(1229, 'Santa María Apazco'),
(1230, 'Santiago Apoala'),
(1231, 'Santa María Chachoápam'),
(1232, 'San Pedro Coxcaltepec Cántaros'),
(1233, 'Santiago Huauclilla'),
(1234, 'Santo Domingo Yanhuitlán'),
(1235, 'San Andrés Sinaxtla'),
(1236, 'San Juan Yucuita'),
(1237, 'San Juan Sayultepec'),
(1238, 'Santiago Tillo'),
(1239, 'San Francisco Chindúa'),
(1240, 'San Mateo Etlatongo'),
(1241, 'Santa Inés de Zaragoza'),
(1242, 'Santiago Juxtlahuaca'),
(1243, 'San Miguel Tlacotepec'),
(1244, 'San Sebastián Tecomaxtlahuaca'),
(1245, 'Santos Reyes Tepejillo'),
(1246, 'San Juan Mixtepec -Dto. 08 -'),
(1247, 'San Martín Peras'),
(1248, 'Coicoyán de las Flores'),
(1249, 'Heroica Ciudad de Tlaxiaco'),
(1250, 'San Juan Ñumí'),
(1251, 'San Pedro Mártir Yucuxaco'),
(1252, 'San Martín Huamelúlpam'),
(1253, 'Santa Cruz Tayata'),
(1254, 'Santiago Nundiche'),
(1255, 'Santa María del Rosario'),
(1256, 'San Juan Achiutla'),
(1257, 'Santa Catarina Tayata'),
(1258, 'San Cristóbal Amoltepec'),
(1259, 'San Miguel Achiutla'),
(1260, 'San Martín Itunyoso'),
(1261, 'Magdalena Peñasco'),
(1262, 'San Bartolomé Yucuañe'),
(1263, 'Santa Cruz Nundaco'),
(1264, 'San Agustín Tlacotepec'),
(1265, 'Santo Tomás Ocotepec'),
(1266, 'San Antonio Sinicahua'),
(1267, 'San Mateo Peñasco'),
(1268, 'Santa María Tataltepec'),
(1269, 'San Pedro Molinos'),
(1270, 'Santa María Yosoyúa'),
(1271, 'San Juan Teita'),
(1272, 'Magdalena Jaltepec'),
(1273, 'Magdalena Yodocono de Porfirio Díaz'),
(1274, 'San Miguel Tecomatlán'),
(1275, 'Magdalena Zahuatlán'),
(1276, 'San Francisco Nuxaño'),
(1277, 'San Pedro Tidaá'),
(1278, 'San Francisco Jaltepetongo'),
(1279, 'Santiago Tilantongo'),
(1280, 'San Juan Diuxi'),
(1281, 'San Andrés Nuxiño'),
(1282, 'San Juan Tamazola'),
(1283, 'Santo Domingo Nuxaá'),
(1284, 'Yutanduchi de Guerrero'),
(1285, 'San Pedro Teozacoalco'),
(1286, 'San Miguel Piedras'),
(1287, 'San Mateo Sindihui'),
(1288, 'Heroica Ciudad de Juchitán de Zaragoza'),
(1289, 'Ciudad Ixtepec'),
(1290, 'El Espinal'),
(1291, 'Santo Domingo Ingenio'),
(1292, 'Santa María Xadani'),
(1293, 'Santiago Niltepec'),
(1294, 'San Dionisio del Mar'),
(1295, 'Asunción Ixtaltepec'),
(1296, 'San Francisco del Mar'),
(1297, 'Unión Hidalgo'),
(1298, 'San Miguel Chimalapa'),
(1299, 'Santo Domingo Zanatepec'),
(1300, 'Reforma de Pineda'),
(1301, 'San Francisco Ixhuatán'),
(1302, 'San Pedro Tapanatepec'),
(1303, 'Chahuites'),
(1304, 'Santiago Zacatepec'),
(1305, 'Santo Domingo Tepuxtepec'),
(1306, 'San Juan Cotzocón'),
(1307, 'San Juan Mazatlán'),
(1308, 'Totontepec Villa de Morelos'),
(1309, 'Mixistlán de la Reforma'),
(1310, 'Santa María Tlahuitoltepec'),
(1311, 'Santa María Alotepec'),
(1312, 'Santiago Atitlán'),
(1313, 'Tamazulápam del Espíritu Santo'),
(1314, 'San Pedro y San Pablo Ayutla'),
(1315, 'Santa María Tepantlali'),
(1316, 'San Miguel Quetzaltepec'),
(1317, 'Asunción Cacalotepec'),
(1318, 'San Pedro Ocotepec'),
(1319, 'San Lucas Camotlán'),
(1320, 'Santiago Ixcuintepec'),
(1321, 'Matías Romero Avendaño'),
(1322, 'San Juan Guichicovi'),
(1323, 'Santo Domingo Petapa'),
(1324, 'Santa María Chimalapa'),
(1325, 'Santa María Petapa'),
(1326, 'El Barrio de la Soledad'),
(1327, 'Tlacolula de Matamoros'),
(1328, 'San Sebastián Abasolo'),
(1329, 'Villa Díaz Ordaz'),
(1330, 'Santa María Guelacé'),
(1331, 'Teotitlán del Valle'),
(1332, 'San Francisco Lachigoló'),
(1333, 'San Sebastián Teitipac'),
(1334, 'Santa Ana del Valle'),
(1335, 'San Pablo Villa de Mitla'),
(1336, 'Santiago Matatlán'),
(1337, 'Santo Domingo Albarradas'),
(1338, 'Rojas de Cuauhtémoc'),
(1339, 'San Juan Teitipac'),
(1340, 'Santa Cruz Papalutla'),
(1341, 'Magdalena Teitipac'),
(1342, 'San Jerónimo Tlacochahuaya'),
(1343, 'San Juan Guelavía'),
(1344, 'San Lucas Quiaviní'),
(1345, 'San Juan del Río'),
(1346, 'San Bartolomé Quialana'),
(1347, 'San Lorenzo Albarradas'),
(1348, 'San Pedro Totolápam'),
(1349, 'San Pedro Quiatoni'),
(1350, 'Santa María Zoquitlán'),
(1351, 'San Dionisio Ocotepec'),
(1352, 'San Carlos Yautepec'),
(1353, 'San Juan Juquila Mixes'),
(1354, 'Nejapa de Madero'),
(1355, 'Santa Ana Tavela'),
(1356, 'San Juan Lajarcia'),
(1357, 'San Bartolo Yautepec'),
(1358, 'Santa María Ecatepec'),
(1359, 'Asunción Tlacolulita'),
(1360, 'San Pedro Mártir Quiechapa'),
(1361, 'Santa María Quiegolani'),
(1362, 'Santa Catarina Quioquitani'),
(1363, 'Santa Catalina Quierí'),
(1364, 'Salina Cruz'),
(1365, 'Santiago Lachiguiri'),
(1366, 'Santa María Jalapa del Marqués'),
(1367, 'Santa María Totolapilla'),
(1368, 'Santiago Laollaga'),
(1369, 'Guevea de Humboldt'),
(1370, 'Santo Domingo Chihuitán'),
(1371, 'Santa María Guienagati'),
(1372, 'Magdalena Tequisistlán'),
(1373, 'Magdalena Tlacotepec'),
(1374, 'San Pedro Comitancillo'),
(1375, 'Santa María Mixtequilla'),
(1376, 'Santo Domingo Tehuantepec'),
(1377, 'San Pedro Huamelula'),
(1378, 'San Pedro Huilotepec'),
(1379, 'San Mateo del Mar'),
(1380, 'San Blas Atempa'),
(1381, 'Santiago Astata'),
(1382, 'San Miguel Tenango'),
(1383, 'Miahuatlán de Porfirio Díaz'),
(1384, 'San Nicolás'),
(1385, 'San Simón Almolongas'),
(1386, 'San Luis Amatlán'),
(1387, 'San José Lachiguiri'),
(1388, 'Sitio de Xitlapehua'),
(1389, 'San Francisco Logueche'),
(1390, 'Santa Ana'),
(1391, 'Santa Cruz Xitla'),
(1392, 'Monjas'),
(1393, 'San Ildefonso Amatlán'),
(1394, 'Santa Catarina Cuixtla'),
(1395, 'San José del Peñasco'),
(1396, 'San Cristóbal Amatlán'),
(1397, 'San Juan Mixtepec -Dto. 26 -'),
(1398, 'San Pedro Mixtepec -Dto. 26 -'),
(1399, 'Santa Lucía Miahuatlán'),
(1400, 'San Jerónimo Coatlán'),
(1401, 'San Sebastián Coatlán'),
(1402, 'San Pablo Coatlán'),
(1403, 'San Mateo Río Hondo'),
(1404, 'Santo Tomás Tamazulapan'),
(1405, 'San Andrés Paxtlán'),
(1406, 'Santa María Ozolotepec'),
(1407, 'San Miguel Coatlán'),
(1408, 'San Sebastián Río Hondo'),
(1409, 'San Miguel Suchixtepec'),
(1410, 'Santo Domingo Ozolotepec'),
(1411, 'San Francisco Ozolotepec'),
(1412, 'Santiago Xanica'),
(1413, 'San Marcial Ozolotepec'),
(1414, 'San Juan Ozolotepec'),
(1415, 'San Pedro Pochutla'),
(1416, 'Santo Domingo de Morelos'),
(1417, 'Santa Catarina Loxicha'),
(1418, 'San Agustín Loxicha'),
(1419, 'San Baltazar Loxicha'),
(1420, 'Santa María Colotepec'),
(1421, 'San Bartolomé Loxicha'),
(1422, 'Santa María Tonameca'),
(1423, 'Candelaria Loxicha'),
(1424, 'Pluma Hidalgo'),
(1425, 'San Pedro el Alto'),
(1426, 'San Mateo Piñas'),
(1427, 'Santa María Huatulco'),
(1428, 'San Miguel del Puerto'),
(1429, 'Putla Villa de Guerrero'),
(1430, 'Constancia del Rosario'),
(1431, 'Mesones Hidalgo'),
(1432, 'Santa María Zacatepec'),
(1433, 'San Pedro Amuzgos'),
(1434, 'La Reforma'),
(1435, 'Santa María Ipalapa'),
(1436, 'Chalcatongo de Hidalgo'),
(1437, 'Santa María Yucuhiti'),
(1438, 'San Esteban Atatlahuca'),
(1439, 'Santa Catarina Ticuá'),
(1440, 'Santiago Nuyoó'),
(1441, 'Santa Catarina Yosonotú'),
(1442, 'San Miguel el Grande'),
(1443, 'Santo Domingo Ixcatlán'),
(1444, 'San Pablo Tijaltepec'),
(1445, 'Santa Cruz Tacahua'),
(1446, 'Santa Lucía Monteverde'),
(1447, 'San Andrés Cabecera Nueva'),
(1448, 'Santa María Yolotepec'),
(1449, 'Santiago Yosondúa'),
(1450, 'Santa Cruz Itundujia'),
(1451, 'Zimatlán de Álvarez'),
(1452, 'San Bernardo Mixtepec'),
(1453, 'Santa Cruz Mixtepec'),
(1454, 'San Miguel Mixtepec'),
(1455, 'Santa María Atzompa'),
(1456, 'San Andrés Ixtlahuaca'),
(1457, 'Santa Cruz Amilpas'),
(1458, 'Santa Cruz Xoxocotlán'),
(1459, 'Santa Lucía del Camino'),
(1460, 'San Pedro Ixtlahuaca'),
(1461, 'San Antonio de la Cal'),
(1462, 'San Agustín de las Juntas'),
(1463, 'San Pablo Huixtepec'),
(1464, 'Ánimas Trujano'),
(1465, 'San Jacinto Tlacotepec'),
(1466, 'San Raymundo Jalpan'),
(1467, 'Trinidad Zaachila'),
(1468, 'Santa María Coyotepec'),
(1469, 'San Bartolo Coyotepec'),
(1470, 'Santa Inés Yatzeche'),
(1471, 'Ciénega de Zimatlán'),
(1472, 'San Antonio Huitepec'),
(1473, 'Villa de Zaachila'),
(1474, 'San Sebastián Tutla'),
(1475, 'San Miguel Peras'),
(1476, 'San Pablo Cuatro Venados'),
(1477, 'Santa Inés del Monte'),
(1478, 'Santa Gertrudis'),
(1479, 'San Antonino el Alto'),
(1480, 'Magdalena Mixtepec'),
(1481, 'Santa Catarina Quiané'),
(1482, 'Ayoquezco de Aldama'),
(1483, 'Santa Ana Tlapacoyan'),
(1484, 'Santa Cruz Zenzontepec'),
(1485, 'San Francisco Cahuacuá'),
(1486, 'San Mateo Yucutindoo'),
(1487, 'Santiago Textitlán'),
(1488, 'Santiago Amoltepec'),
(1489, 'Santa María Zaniza'),
(1490, 'Santo Domingo Teojomulco'),
(1491, 'Cuilápam de Guerrero'),
(1492, 'Villa Sola de Vega'),
(1493, 'Santa María Lachixío'),
(1494, 'San Vicente Lachixío'),
(1495, 'San Lorenzo Texmelúcan'),
(1496, 'Santa María Sola'),
(1497, 'San Francisco Sola'),
(1498, 'San Ildefonso Sola'),
(1499, 'Santiago Minas'),
(1500, 'Heroica Ciudad de Ejutla de Crespo'),
(1501, 'San Martín Tilcajete'),
(1502, 'Santo Tomás Jalieza'),
(1503, 'San Juan Chilateca'),
(1504, 'Ocotlán de Morelos'),
(1505, 'Santa Ana Zegache'),
(1506, 'Santiago Apóstol'),
(1507, 'San Antonino Castillo Velasco'),
(1508, 'Asunción Ocotlán'),
(1509, 'San Pedro Mártir'),
(1510, 'San Dionisio Ocotlán'),
(1511, 'Magdalena Ocotlán'),
(1512, 'San Miguel Tilquiápam'),
(1513, 'Santa Catarina Minas'),
(1514, 'San Baltazar Chichicápam'),
(1515, 'San Pedro Apóstol'),
(1516, 'Santa Lucía Ocotlán'),
(1517, 'San Jerónimo Taviche'),
(1518, 'San Andrés Zabache'),
(1519, 'San José del Progreso'),
(1520, 'Yaxe'),
(1521, 'San Pedro Taviche'),
(1522, 'San Martín de los Cansecos'),
(1523, 'San Martín Lachilá'),
(1524, 'La Pe'),
(1525, 'La Compañía'),
(1526, 'Coatecas Altas'),
(1527, 'San Juan Lachigalla'),
(1528, 'San Agustín Amatengo'),
(1529, 'Taniche'),
(1530, 'San Miguel Ejutla'),
(1531, 'Yogana'),
(1532, 'San Vicente Coatlán'),
(1533, 'Santiago Pinotepa Nacional'),
(1534, 'San Juan Cacahuatepec'),
(1535, 'San Juan Bautista Lo de Soto'),
(1536, 'Mártires de Tacubaya'),
(1537, 'San Sebastián Ixcapa'),
(1538, 'San Antonio Tepetlapa'),
(1539, 'Santa María Cortijo'),
(1540, 'Santiago Llano Grande'),
(1541, 'San Miguel Tlacamama'),
(1542, 'Santiago Tapextla'),
(1543, 'San José Estancia Grande'),
(1544, 'Santo Domingo Armenta'),
(1545, 'Santiago Jamiltepec'),
(1546, 'San Pedro Atoyac'),
(1547, 'San Juan Colorado'),
(1548, 'Santiago Ixtayutla'),
(1549, 'San Pedro Jicayán'),
(1550, 'Pinotepa de Don Luis'),
(1551, 'San Lorenzo'),
(1552, 'San Agustín Chayuco'),
(1553, 'San Andrés Huaxpaltepec'),
(1554, 'Santa Catarina Mechoacán'),
(1555, 'Santiago Tetepec'),
(1556, 'Santa María Huazolotitlán'),
(1557, 'Villa de Tututepec de Melchor Ocampo'),
(1558, 'Tataltepec de Valdés'),
(1559, 'San Juan Quiahije'),
(1560, 'San Miguel Panixtlahuaca'),
(1561, 'Santa Catarina Juquila'),
(1562, 'San Pedro Juchatengo'),
(1563, 'Santiago Yaitepec'),
(1564, 'San Juan Lachao'),
(1565, 'Santa María Temaxcaltepec'),
(1566, 'Santos Reyes Nopala'),
(1567, 'San Gabriel Mixtepec'),
(1568, 'San Pedro Mixtepec -Dto. 22 -'),
(1569, 'Puebla'),
(1570, 'Tlaltenango'),
(1571, 'San Miguel Xoxtla'),
(1572, 'Juan C. Bonilla'),
(1573, 'Coronango'),
(1574, 'Cuautlancingo'),
(1575, 'San Pedro Cholula'),
(1576, 'San Andrés Cholula'),
(1577, 'Ocoyucan'),
(1578, 'Amozoc'),
(1579, 'Francisco Z. Mena'),
(1580, 'Pantepec'),
(1581, 'Venustiano Carranza'),
(1582, 'Jalpan'),
(1583, 'Tlaxco'),
(1584, 'Tlacuilotepec'),
(1585, 'Xicotepec'),
(1586, 'Pahuatlán'),
(1587, 'Honey'),
(1588, 'Naupan'),
(1589, 'Huauchinango'),
(1590, 'Ahuazotepec'),
(1591, 'Juan Galindo'),
(1592, 'Tlaola'),
(1593, 'Zihuateutla'),
(1594, 'Jopala'),
(1595, 'Tlapacoya'),
(1596, 'Chignahuapan'),
(1597, 'Zacatlán'),
(1598, 'Chiconcuautla'),
(1599, 'Ahuacatlán'),
(1600, 'Tepetzintla'),
(1601, 'San Felipe Tepatlán'),
(1602, 'Amixtlán'),
(1603, 'Tepango de Rodríguez'),
(1604, 'Zongozotla'),
(1605, 'Hermenegildo Galeana'),
(1606, 'Olintla'),
(1607, 'Coatepec'),
(1608, 'Camocuautla'),
(1609, 'Hueytlalpan'),
(1610, 'Zapotitlán de Méndez'),
(1611, 'Huitzilan de Serdán'),
(1612, 'Xochitlán de Vicente Suárez'),
(1613, 'Huehuetla'),
(1614, 'Ixtepec'),
(1615, 'Atlequizayan'),
(1616, 'Tenampulco'),
(1617, 'Tuzamapan de Galeana'),
(1618, 'Caxhuacan'),
(1619, 'Jonotla'),
(1620, 'Zoquiapan'),
(1621, 'Nauzontla'),
(1622, 'Cuetzalan del Progreso'),
(1623, 'Ayotoxco de Guerrero'),
(1624, 'Hueytamalco'),
(1625, 'Acateno'),
(1626, 'Cuautempan'),
(1627, 'Aquixtla'),
(1628, 'Tetela de Ocampo'),
(1629, 'Xochiapulco'),
(1630, 'Zacapoaxtla'),
(1631, 'Zaragoza'),
(1632, 'Ixtacamaxtitlán'),
(1633, 'Zautla'),
(1634, 'Ocotepec'),
(1635, 'Libres'),
(1636, 'Teziutlán'),
(1637, 'Tlatlauquitepec'),
(1638, 'Yaonáhuac'),
(1639, 'Hueyapan'),
(1640, 'Teteles de Avila Castillo'),
(1641, 'Atempan'),
(1642, 'Chignautla'),
(1643, 'Xiutetelco'),
(1644, 'Cuyoaco'),
(1645, 'Tepeyahualco'),
(1646, 'San Martín Texmelucan'),
(1647, 'Tlahuapan'),
(1648, 'San Matías Tlalancaleca'),
(1649, 'San Salvador el Verde'),
(1650, 'San Felipe Teotlalcingo'),
(1651, 'Chiautzingo'),
(1652, 'Huejotzingo'),
(1653, 'Domingo Arenas'),
(1654, 'Calpan'),
(1655, 'San Nicolás de los Ranchos'),
(1656, 'Atlixco'),
(1657, 'Nealtican'),
(1658, 'San Jerónimo Tecuanipan'),
(1659, 'San Gregorio Atzompa'),
(1660, 'Tochimilco'),
(1661, 'Tianguismanalco'),
(1662, 'Santa Isabel Cholula'),
(1663, 'Huaquechula'),
(1664, 'San Diego la Mesa Tochimiltzingo'),
(1665, 'Tepeojuma'),
(1666, 'Izúcar de Matamoros'),
(1667, 'Atzitzihuacán'),
(1668, 'Acteopan'),
(1669, 'Cohuecan'),
(1670, 'Tepemaxalco'),
(1671, 'Tlapanalá'),
(1672, 'Tepexco'),
(1673, 'Tilapa'),
(1674, 'Chietla'),
(1675, 'Atzala'),
(1676, 'Teopantlán'),
(1677, 'San Martín Totoltepec'),
(1678, 'Xochiltepec'),
(1679, 'Epatlán'),
(1680, 'Ahuatlán'),
(1681, 'Coatzingo'),
(1682, 'Santa Catarina Tlaltempan'),
(1683, 'Chigmecatitlán'),
(1684, 'Zacapala'),
(1685, 'Tepexi de Rodríguez'),
(1686, 'Teotlalco'),
(1687, 'Jolalpan'),
(1688, 'Huehuetlán el Chico'),
(1689, 'Chiautla'),
(1690, 'Cohetzala'),
(1691, 'Xicotlán'),
(1692, 'Chila de la Sal'),
(1693, 'Ixcamilpa de Guerrero'),
(1694, 'Albino Zertuche'),
(1695, 'Tulcingo'),
(1696, 'Tehuitzingo'),
(1697, 'Cuayuca de Andrade'),
(1698, 'Santa Inés Ahuatempan'),
(1699, 'Axutla'),
(1700, 'Chinantla'),
(1701, 'Ahuehuetitla'),
(1702, 'San Pablo Anicano'),
(1703, 'Tecomatlán'),
(1704, 'Piaxtla'),
(1705, 'Guadalupe'),
(1706, 'Ixcaquixtla'),
(1707, 'Coyotepec'),
(1708, 'Xayacatlán de Bravo'),
(1709, 'Totoltepec de Guerrero'),
(1710, 'Acatlán'),
(1711, 'San Jerónimo Xayacatlán'),
(1712, 'San Pedro Yeloixtlahuaca'),
(1713, 'Petlalcingo'),
(1714, 'San Miguel Ixitlán'),
(1715, 'Chila'),
(1716, 'Rafael Lara Grajales'),
(1717, 'San José Chiapa'),
(1718, 'Oriental'),
(1719, 'San Nicolás Buenos Aires'),
(1720, 'Guadalupe Victoria'),
(1721, 'Tlachichuca'),
(1722, 'Lafragua'),
(1723, 'Chilchotla'),
(1724, 'Quimixtlán'),
(1725, 'Chichiquila'),
(1726, 'Tepatlaxco de Hidalgo'),
(1727, 'Acajete'),
(1728, 'Nopalucan'),
(1729, 'Mazapiltepec de Juárez'),
(1730, 'Soltepec'),
(1731, 'Acatzingo'),
(1732, 'San Salvador el Seco'),
(1733, 'General Felipe Ángeles'),
(1734, 'Aljojuca'),
(1735, 'San Juan Atenco'),
(1736, 'Tepeaca'),
(1737, 'Cuautinchán'),
(1738, 'Tecali de Herrera'),
(1739, 'Mixtla'),
(1740, 'Santo Tomás Hueyotlipan'),
(1741, 'Tzicatlacoyan'),
(1742, 'Huehuetlán el Grande'),
(1743, 'La Magdalena Tlatlauquitepec'),
(1744, 'San Juan Atzompa'),
(1745, 'Huatlatlauca'),
(1746, 'Los Reyes de Juárez'),
(1747, 'Cuapiaxtla de Madero'),
(1748, 'San Salvador Huixcolotla'),
(1749, 'Quecholac'),
(1750, 'Tecamachalco'),
(1751, 'Palmar de Bravo'),
(1752, 'Chalchicomula de Sesma'),
(1753, 'Atzitzintla'),
(1754, 'Esperanza'),
(1755, 'Cañada Morelos'),
(1756, 'Tlanepantla'),
(1757, 'Tochtepec'),
(1758, 'Atoyatempan'),
(1759, 'Tepeyahualco de Cuauhtémoc'),
(1760, 'Huitziltepec'),
(1761, 'Molcaxac'),
(1762, 'Xochitlán Todos Santos'),
(1763, 'Yehualtepec'),
(1764, 'Tlacotepec de Benito Juárez'),
(1765, 'Juan N. Méndez'),
(1766, 'Tehuacán'),
(1767, 'Tepanco de López'),
(1768, 'Chapulco'),
(1769, 'Santiago Miahuatlán'),
(1770, 'Nicolás Bravo'),
(1771, 'Atexcal'),
(1772, 'San Antonio Cañada'),
(1773, 'Zapotitlán'),
(1774, 'San Gabriel Chilac'),
(1775, 'Caltepec'),
(1776, 'Vicente Guerrero'),
(1777, 'Ajalpan'),
(1778, 'Eloxochitlán'),
(1779, 'Zoquitlán'),
(1780, 'San Sebastián Tlacotepec'),
(1781, 'Altepexi'),
(1782, 'Zinacatepec'),
(1783, 'San José Miahuatlán'),
(1784, 'Coxcatlán'),
(1785, 'Coyomeapan'),
(1786, 'Querétaro'),
(1787, 'El Marqués'),
(1788, 'Colón'),
(1789, 'Pinal de Amoles'),
(1790, 'Jalpan de Serra'),
(1791, 'Landa de Matamoros'),
(1792, 'Arroyo Seco'),
(1793, 'Peñamiller'),
(1794, 'Cadereyta de Montes'),
(1795, 'San Joaquín'),
(1796, 'Tolimán'),
(1797, 'Ezequiel Montes'),
(1798, 'Pedro Escobedo'),
(1799, 'Tequisquiapan'),
(1800, 'San Juan del Río'),
(1801, 'Amealco de Bonfil'),
(1802, 'Corregidora'),
(1803, 'Huimilpan'),
(1804, 'Othón P. Blanco'),
(1805, 'Felipe Carrillo Puerto'),
(1806, 'Lázaro Cárdenas'),
(1807, 'Isla Mujeres'),
(1808, 'Benito Juárez'),
(1809, 'Cozumel'),
(1810, 'Solidaridad'),
(1811, 'Tulum'),
(1812, 'José María Morelos'),
(1813, 'Bacalar'),
(1814, 'San Luis Potosí'),
(1815, 'Soledad de Graciano Sánchez'),
(1816, 'Cerro de San Pedro'),
(1817, 'Ahualulco'),
(1818, 'Mexquitic de Carmona'),
(1819, 'Villa de Arriaga'),
(1820, 'Vanegas'),
(1821, 'Cedral'),
(1822, 'Catorce'),
(1823, 'Charcas'),
(1824, 'Salinas'),
(1825, 'Santo Domingo'),
(1826, 'Villa de Ramos'),
(1827, 'Matehuala'),
(1828, 'Villa de la Paz'),
(1829, 'Villa de Guadalupe'),
(1830, 'Guadalcázar'),
(1831, 'Moctezuma'),
(1832, 'Venado'),
(1833, 'Villa de Arista'),
(1834, 'Villa Hidalgo'),
(1835, 'Armadillo de los Infante'),
(1836, 'Ciudad Valles'),
(1837, 'Ebano'),
(1838, 'Tamuín'),
(1839, 'El Naranjo'),
(1840, 'Ciudad del Maíz'),
(1841, 'Alaquines'),
(1842, 'Cárdenas'),
(1843, 'Cerritos'),
(1844, 'Villa Juárez'),
(1845, 'San Nicolás Tolentino'),
(1846, 'Villa de Reyes'),
(1847, 'Zaragoza'),
(1848, 'Santa María del Río'),
(1849, 'Tierra Nueva'),
(1850, 'Rioverde'),
(1851, 'Ciudad Fernández'),
(1852, 'San Ciro de Acosta'),
(1853, 'Tamasopo'),
(1854, 'Rayón'),
(1855, 'Aquismón'),
(1856, 'Lagunillas'),
(1857, 'Santa Catarina'),
(1858, 'Tancanhuitz'),
(1859, 'Tanlajás'),
(1860, 'San Vicente Tancuayalab'),
(1861, 'San Antonio'),
(1862, 'Tanquián de Escobedo'),
(1863, 'Tampamolón Corona'),
(1864, 'Coxcatlán'),
(1865, 'Huehuetlán'),
(1866, 'Xilitla'),
(1867, 'Axtla de Terrazas'),
(1868, 'Tampacán'),
(1869, 'San Martín Chalchicuautla'),
(1870, 'Tamazunchale'),
(1871, 'Matlapa'),
(1872, 'Culiacán'),
(1873, 'Navolato'),
(1874, 'Badiraguato'),
(1875, 'Cosalá'),
(1876, 'Mocorito'),
(1877, 'Guasave'),
(1878, 'Ahome'),
(1879, 'Salvador Alvarado'),
(1880, 'Angostura'),
(1881, 'Choix'),
(1882, 'El Fuerte'),
(1883, 'Sinaloa'),
(1884, 'Mazatlán'),
(1885, 'Escuinapa'),
(1886, 'Concordia'),
(1887, 'Elota'),
(1888, 'Rosario'),
(1889, 'San Ignacio'),
(1890, 'Hermosillo'),
(1891, 'San Miguel de Horcasitas'),
(1892, 'Carbó'),
(1893, 'San Luis Río Colorado'),
(1894, 'Puerto Peñasco'),
(1895, 'General Plutarco Elías Calles'),
(1896, 'Caborca'),
(1897, 'Altar'),
(1898, 'Tubutama'),
(1899, 'Atil'),
(1900, 'Oquitoa'),
(1901, 'Sáric'),
(1902, 'Benjamín Hill'),
(1903, 'Trincheras'),
(1904, 'Pitiquito'),
(1905, 'Nogales'),
(1906, 'Imuris'),
(1907, 'Santa Cruz'),
(1908, 'Magdalena'),
(1909, 'Naco'),
(1910, 'Agua Prieta'),
(1911, 'Fronteras'),
(1912, 'Nacozari de García'),
(1913, 'Bavispe'),
(1914, 'Bacerac'),
(1915, 'Huachinera'),
(1916, 'Nácori Chico'),
(1917, 'Granados'),
(1918, 'Bacadéhuachi'),
(1919, 'Cumpas'),
(1920, 'Huásabas'),
(1921, 'Moctezuma'),
(1922, 'Villa Hidalgo'),
(1923, 'Santa Ana'),
(1924, 'Cananea'),
(1925, 'Arizpe'),
(1926, 'Cucurpe'),
(1927, 'Bacoachi'),
(1928, 'San Pedro de la Cueva'),
(1929, 'Divisaderos'),
(1930, 'Tepache'),
(1931, 'Villa Pesqueira'),
(1932, 'Opodepe'),
(1933, 'Huépac'),
(1934, 'Banámichi'),
(1935, 'Ures'),
(1936, 'Aconchi'),
(1937, 'Baviácora'),
(1938, 'San Felipe de Jesús'),
(1939, 'Rayón'),
(1940, 'Cajeme'),
(1941, 'Navojoa'),
(1942, 'Huatabampo'),
(1943, 'Bácum'),
(1944, 'Etchojoa'),
(1945, 'Benito Juárez'),
(1946, 'Empalme'),
(1947, 'Guaymas'),
(1948, 'San Ignacio Río Muerto'),
(1949, 'La Colorada'),
(1950, 'Mazatán'),
(1951, 'Suaqui Grande'),
(1952, 'Sahuaripa'),
(1953, 'San Javier'),
(1954, 'Soyopa'),
(1955, 'Bacanora'),
(1956, 'Arivechi'),
(1957, 'Rosario'),
(1958, 'Quiriego'),
(1959, 'Onavas'),
(1960, 'Alamos'),
(1961, 'Yécora'),
(1962, 'Centro'),
(1963, 'Jalpa de Méndez'),
(1964, 'Nacajuca'),
(1965, 'Comalcalco'),
(1966, 'Huimanguillo'),
(1967, 'Cárdenas'),
(1968, 'Paraíso'),
(1969, 'Cunduacán'),
(1970, 'Macuspana'),
(1971, 'Centla'),
(1972, 'Jonuta'),
(1973, 'Teapa'),
(1974, 'Jalapa'),
(1975, 'Tacotalpa'),
(1976, 'Tenosique'),
(1977, 'Balancán'),
(1978, 'Emiliano Zapata'),
(1979, 'Victoria'),
(1980, 'Llera'),
(1981, 'Güémez'),
(1982, 'Casas'),
(1983, 'Matamoros'),
(1984, 'Valle Hermoso'),
(1985, 'San Fernando'),
(1986, 'Cruillas'),
(1987, 'San Nicolás'),
(1988, 'Soto la Marina'),
(1989, 'Jiménez'),
(1990, 'San Carlos'),
(1991, 'Abasolo'),
(1992, 'Padilla'),
(1993, 'Hidalgo'),
(1994, 'Mainero'),
(1995, 'Villagrán'),
(1996, 'Tula'),
(1997, 'Jaumave'),
(1998, 'Miquihuana'),
(1999, 'Bustamante'),
(2000, 'Palmillas'),
(2001, 'Ocampo'),
(2002, 'Nuevo Laredo'),
(2003, 'Miguel Alemán'),
(2004, 'Guerrero'),
(2005, 'Mier'),
(2006, 'Gustavo Díaz Ordaz'),
(2007, 'Camargo'),
(2008, 'Reynosa'),
(2009, 'Río Bravo'),
(2010, 'Méndez'),
(2011, 'Burgos'),
(2012, 'Tampico'),
(2013, 'Ciudad Madero'),
(2014, 'Altamira'),
(2015, 'Aldama'),
(2016, 'González'),
(2017, 'Xicoténcatl'),
(2018, 'Gómez Farías'),
(2019, 'El Mante'),
(2020, 'Antiguo Morelos'),
(2021, 'Nuevo Morelos'),
(2022, 'Tlaxcala'),
(2023, 'Ixtacuixtla de Mariano Matamoros'),
(2024, 'Santa Ana Nopalucan'),
(2025, 'Panotla'),
(2026, 'Totolac'),
(2027, 'Tepeyanco'),
(2028, 'Santa Isabel Xiloxoxtla'),
(2029, 'San Juan Huactzinco'),
(2030, 'Calpulalpan'),
(2031, 'Sanctórum de Lázaro Cárdenas'),
(2032, 'Benito Juárez'),
(2033, 'Hueyotlipan'),
(2034, 'Tlaxco'),
(2035, 'Nanacamilpa de Mariano Arista'),
(2036, 'Españita'),
(2037, 'Apizaco'),
(2038, 'Atlangatepec'),
(2039, 'Muñoz de Domingo Arenas'),
(2040, 'Tetla de la Solidaridad'),
(2041, 'Xaltocan'),
(2042, 'San Lucas Tecopilco'),
(2043, 'Yauhquemehcan'),
(2044, 'Xaloztoc'),
(2045, 'Tocatlán'),
(2046, 'Tzompantepec'),
(2047, 'San José Teacalco'),
(2048, 'Huamantla'),
(2049, 'Terrenate'),
(2050, 'Lázaro Cárdenas'),
(2051, 'Emiliano Zapata'),
(2052, 'Atltzayanca'),
(2053, 'Cuapiaxtla'),
(2054, 'El Carmen Tequexquitla'),
(2055, 'Ixtenco'),
(2056, 'Ziltlaltépec de Trinidad Sánchez Santos'),
(2057, 'Apetatitlán de Antonio Carvajal'),
(2058, 'Amaxac de Guerrero'),
(2059, 'Santa Cruz Tlaxcala'),
(2060, 'Cuaxomulco'),
(2061, 'Contla de Juan Cuamatzi'),
(2062, 'Tepetitla de Lardizábal'),
(2063, 'Natívitas'),
(2064, 'Santa Apolonia Teacalco'),
(2065, 'Tetlatlahuca'),
(2066, 'San Damián Texóloc'),
(2067, 'San Jerónimo Zacualpan'),
(2068, 'Zacatelco'),
(2069, 'San Lorenzo Axocomanitla'),
(2070, 'Santa Catarina Ayometla'),
(2071, 'Xicohtzinco'),
(2072, 'Papalotla de Xicohténcatl'),
(2073, 'Chiautempan'),
(2074, 'La Magdalena Tlaltelulco'),
(2075, 'San Francisco Tetlanohcan'),
(2076, 'Teolocholco'),
(2077, 'Acuamanala de Miguel Hidalgo'),
(2078, 'Santa Cruz Quilehtla'),
(2079, 'Mazatecochco de José María Morelos'),
(2080, 'Tenancingo'),
(2081, 'San Pablo del Monte'),
(2082, 'Xalapa'),
(2083, 'Tlalnelhuayocan'),
(2084, 'Xico'),
(2085, 'Ixhuacán de los Reyes'),
(2086, 'Ayahualulco'),
(2087, 'Perote'),
(2088, 'Banderilla'),
(2089, 'Rafael Lucio'),
(2090, 'Acajete'),
(2091, 'Las Vigas de Ramírez'),
(2092, 'Villa Aldama'),
(2093, 'Tlacolulan'),
(2094, 'Tonayán'),
(2095, 'Coacoatzintla');

-- --------------------------------------------------------

--
-- Estructura de tabla para la tabla `plantas`
--

DROP TABLE IF EXISTS `plantas`;
CREATE TABLE IF NOT EXISTS `plantas` (
  `fplant` varchar(10) NOT NULL COMMENT 'Folio asignado a la planta',
  `nom` varchar(30) NOT NULL COMMENT 'El nombre correspondiente a la planta',
  `medsie` varchar(20) NOT NULL COMMENT 'Las medidas en la que se debe sembrar cada tipo de planta',
  `exist` int NOT NULL COMMENT 'La cantidad de plantas disponible',
  `fvi` varchar(10) NOT NULL COMMENT 'Folio del vivero que entrega las plantas',
  `fben` varchar(10) NOT NULL COMMENT 'Folio del beneficiario a quien se le he entregado plantas',
  PRIMARY KEY (`fplant`),
  KEY `fplant` (`fplant`,`nom`,`medsie`,`exist`,`fvi`,`fben`),
  KEY `fvi` (`fvi`),
  KEY `fben` (`fben`)
) ENGINE=InnoDB DEFAULT CHARSET=latin1;

--
-- Volcado de datos para la tabla `plantas`
--

INSERT INTO `plantas` (`fplant`, `nom`, `medsie`, `exist`, `fvi`, `fben`) VALUES
('plant001', 'palmeras', '3 m x 10 m', 300, 'viv001', 'ben001'),
('plant002', 'Maculi', '2 m x 10 m', 350, 'viv002', 'ben002'),
('plant003', 'Caoba', '3 m x 9 m', 200, 'viv003', 'ben003'),
('plant004', 'Tinto', '4 m x 12 m', 300, 'viv004', 'ben004'),
('plant005', 'Cacao', '3 m x 10 m', 400, 'viv005', 'ben005'),
('plant006', 'Teca', '4 m x 10 m', 450, 'viv006', 'ben006'),
('plant007', 'Cedro', '4 m x 11 m', 450, 'viv007', 'ben007'),
('plant008', 'Achiote', '3 m x 10 m', 350, 'viv008', 'ben008'),
('plant009', 'Guanabana', '4 m x 10 m', 350, 'viv009', 'ben009'),
('plant010', 'Canela', '3 m x 8 m', 450, 'viv010', 'ben010'),
('plant011', 'maiz', '3m x 5m', 400, 'viv011', 'ben011'),
('plant012', 'Chicharo', '10m x 5m', 50, 'viv012', 'ben012'),
('plant013', 'Calabaza', '3m x 4m', 220, 'viv013', 'ben013'),
('plant014', 'betabel', '2m x 2m', 404, 'viv014', 'ben014'),
('plant015', 'papa', '2m x 1m', 467, 'viv015', 'ben015');

-- --------------------------------------------------------

--
-- Estructura de tabla para la tabla `produccion`
--

DROP TABLE IF EXISTS `produccion`;
CREATE TABLE IF NOT EXISTS `produccion` (
  `fip` varchar(10) NOT NULL COMMENT 'Folio del informe de producción',
  `fecre` varchar(10) NOT NULL COMMENT 'Fecha en que se registra los detalles de la producción',
  `canten` int NOT NULL COMMENT 'Cantidad de plantas entregadas al beneficiario para producción',
  `cantco` int NOT NULL COMMENT 'Cantidad de plantas que se lograron cosechar',
  `cantper` int NOT NULL COMMENT 'Cantidad de plantas que no se lograron cultivar',
  `fben` varchar(10) NOT NULL COMMENT 'Folio del beneficiario',
  `fplan` varchar(10) NOT NULL COMMENT 'Folio de la planta que se cosecho',
  `problema` varchar(50) NOT NULL COMMENT 'Problema que se presento durante la cosecha',
  `plan` int NOT NULL COMMENT 'planta',
  PRIMARY KEY (`fip`),
  KEY `fip` (`fip`,`fecre`,`canten`,`cantco`,`cantper`,`fben`,`fplan`,`problema`),
  KEY `problema` (`problema`),
  KEY `fben` (`fben`),
  KEY `fplan` (`fplan`)
) ENGINE=InnoDB DEFAULT CHARSET=latin1;

--
-- Volcado de datos para la tabla `produccion`
--

INSERT INTO `produccion` (`fip`, `fecre`, `canten`, `cantco`, `cantper`, `fben`, `fplan`, `problema`, `plan`) VALUES
('rep001', '12/08/2019', 500, 350, 150, 'ben001', 'plant001', 'Temporada humeda', 0),
('rep002', '12/08/2019', 400, 250, 150, 'ben002', 'plant002', 'plagas', 0),
('rep003', '11/09/2019', 200, 150, 50, 'ben003', 'plant003', 'cambio climatico', 0),
('rep004', '08/10/2019', 600, 250, 350, 'ben004', 'plant004', 'plagas', 0),
('rep005', '05/03/2019', 300, 250, 50, 'ben005', 'plant005', 'plagas', 0),
('rep006', '05/03/2019', 500, 250, 250, 'ben006', 'plant006', 'Temporada seca', 0),
('rep007', '20/08/2019', 500, 250, 250, 'ben007', 'plant007', 'plagas', 0),
('rep008', '09/11/2019', 700, 450, 250, 'ben008', 'plant008', 'plagas', 0),
('rep009', '09/11/2019', 200, 150, 50, 'ben009', 'plant009', 'Temporada seca', 0),
('rep010', '09/11/2019', 400, 150, 250, 'ben010', 'plant010', 'plagas', 0);

-- --------------------------------------------------------

--
-- Estructura de tabla para la tabla `propiedad`
--

DROP TABLE IF EXISTS `propiedad`;
CREATE TABLE IF NOT EXISTS `propiedad` (
  `fpro` varchar(10) NOT NULL COMMENT 'Folio asignado a la propiedad o terreno',
  `nuhec` int NOT NULL COMMENT 'Numero de hectáreas que posee el beneficiario',
  `dir` varchar(100) NOT NULL COMMENT 'Dirección en la que se encuentra ubicado la propiedad',
  `edo` varchar(20) NOT NULL COMMENT 'Estado en donde se ubica la propiedad',
  `muni` varchar(20) NOT NULL COMMENT 'municipio en donde se localiza la propiedad',
  `loc` varchar(50) NOT NULL COMMENT 'localidad donde se ubica la propiedad',
  `fben` varchar(10) NOT NULL COMMENT 'Folio del beneficiario',
  `doc` varchar(20) NOT NULL COMMENT 'documentos',
  PRIMARY KEY (`fpro`),
  KEY `fpro` (`fpro`,`nuhec`,`edo`,`muni`,`loc`,`fben`),
  KEY `fben` (`fben`)
) ENGINE=InnoDB DEFAULT CHARSET=latin1;

--
-- Volcado de datos para la tabla `propiedad`
--

INSERT INTO `propiedad` (`fpro`, `nuhec`, `dir`, `edo`, `muni`, `loc`, `fben`, `doc`) VALUES
('prop001', 30, 'limbano blandin', 'Tabasco', 'Macuspana', 'El congo', 'ben001', ''),
('prop002', 20, 'limbano blandin', 'Tabasco', 'Macuspana', 'El congo', 'ben002', ''),
('prop003', 25, 'benito juarez', 'Tabasco', 'Macuspana', 'La isla', 'ben003', ''),
('prop004', 30, 'ignacio zaragoza', 'Tabasco', 'Tapijulapa', 'El cerro', 'ben004', ''),
('prop005', 20, 'Porfirio diaz', 'Tabasco', 'Cardenas', 'El cruce', 'ben005', ''),
('prop006', 28, 'porfirio diaz', 'Tabasco', 'Centla', 'El vallo', 'ben006', ''),
('prop007', 20, 'barrial', 'tabasco', 'Cardenas', 'rio ondo', 'ben007', ''),
('prop008', 30, 'Porfirio diaz', 'Tabasco', 'Cunduacan', 'El camino largo', 'ben008', ''),
('prop009', 5, 'lopez portillo', 'Tabasco', 'Villahermosa', 'villanueva', 'ben009', ''),
('prop010', 10, 'los potreros', 'Tabasco', 'Macuspana', 'Belen', 'ben010', ''),
('prop011', 30, 'la via', 'Tabasco', 'Macuspana', 'Centro', 'ben011', ''),
('prop012', 10, 'san joseito', 'Tabasco', 'Macuspana', 'Centro', 'ben012', ''),
('prop013', 4, 'Colonia los patos', 'Distrito Federal', 'Tlapan', 'Los Angeles', 'ben013', ''),
('prop014', 11, 'Los manguitos', 'Tabasco', 'Macuspana', 'Colonia Belen', 'ben014', ''),
('prop015', 30, 'San Martin la torre #12', 'Puebla', 'La libertad', 'bajada fuente', 'ben015', ''),
('prop016', 20, 'Apasco', 'Tabasco', 'Macuspana', 'por el diff', 'ben016', ''),
('prop017', 50, 'buenos aires', 'Tabasco', 'Macuspana', 'cd.pemex', 'ben017', ''),
('prop018', 60, 'san joseito', 'Tabasco', 'Macuspana', 'centro', 'ben018', '');

-- --------------------------------------------------------

--
-- Estructura de tabla para la tabla `proveedores`
--

DROP TABLE IF EXISTS `proveedores`;
CREATE TABLE IF NOT EXISTS `proveedores` (
  `fpro` varchar(10) NOT NULL COMMENT 'Folio de los proveedores que entregan las herramientas',
  `nompro` varchar(20) NOT NULL COMMENT 'Nombre del proveedor',
  `dir` varchar(100) NOT NULL COMMENT 'Dirección del proveedor',
  `edo` varchar(20) NOT NULL COMMENT 'Estado donde radica el proveedor',
  `muni` varchar(20) NOT NULL COMMENT 'Municipio del proveedor',
  `loc` varchar(50) NOT NULL COMMENT 'La localidad donde se encuentra el proveedor',
  `tel` varchar(10) NOT NULL COMMENT 'Teléfono del proveedor',
  `email` varchar(50) NOT NULL COMMENT 'correo del proveedor',
  `fhe` varchar(10) NOT NULL COMMENT 'Folio  de la herramientas',
  `nomsu` varchar(11) NOT NULL COMMENT 'nombre de la sucursal',
  `mat` varchar(15) NOT NULL COMMENT 'materiales ',
  `marc` varchar(15) NOT NULL COMMENT 'marca del material',
  `pre` int NOT NULL COMMENT 'precio',
  PRIMARY KEY (`fpro`),
  KEY `fpro` (`fpro`,`nompro`,`edo`,`muni`,`loc`,`fhe`)
) ENGINE=InnoDB DEFAULT CHARSET=latin1;

--
-- Volcado de datos para la tabla `proveedores`
--

INSERT INTO `proveedores` (`fpro`, `nompro`, `dir`, `edo`, `muni`, `loc`, `tel`, `email`, `fhe`, `nomsu`, `mat`, `marc`, `pre`) VALUES
('prov001', 'Juan lopez', 'miguel hidalgo', 'Tabasco', 'Macuspana', 'La montañita', '9932326523', 'Lamontaña@gmail.com', 'herr001', '0', '0', '0', 0),
('prov002', 'Pedro gimenes ', 'R/a el triunfo 1ra seccion', 'Tabasco', 'Macuspana', 'Chiquiguite', '9368572443', 'pedr75@gmail.com', 'herr002', '0', '0', '0', 0),
('prov003', 'Joaquín lopez', 'El chichonal', 'Tabasco', 'Macuspana', 'Limbano blandin', '9936548246', 'juaq542@gmail.com', 'herr003', '0', '0', '0', 0),
('prov004', 'Jesus gimenes lopez ', 'El vallo 1ra', 'Tabasco', 'Macuspana', 'Cd. pemex', '9365842163', 'jesu52@gmail.com', 'herr004', '0', '0', '0', 0),
('prov005', 'Maria santos lopez', 'El polvorin ', 'Tabasco', 'Macuspana', 'El triunfo 3ra seccion', '3965849562', 'mar34@gmail.com', 'herr005', '0', '0', '0', 0),
('prov006', 'Roberto cristobal ', 'El tinaco', 'Tabasco', 'Macuspana', 'San fernado', '9936584216', 'robert54@gmail.com', 'herr006', '0', '0', '0', 0),
('prov007', 'Jose lopez mendez ', 'R/a el triunfo 2da seccion  ', 'Tabasco', 'Macuspana', 'Maluco', '9362154362', 'jos89@gmail.com', 'herr007', '0', '0', '0', 0),
('prov008', 'Jimena lupez cruz ', 'Tepetitan', 'Tabasco', 'Macuspana', 'Tierra colorada', '9935468245', 'jim63@gmail.com', 'herr008', '0', '0', '0', 0),
('prov009', 'Teresa gallego', 'La curva ', 'Tabasco', 'Jalapa', 'Los pinos', '9924536987', 'tere78@gmail.com', 'herr009', '0', '0', '0', 0),
('prov010', 'Manuela garcia ', 'Gregorio mendez', 'Tabasco', 'Jalapa', 'Rio bajo', '9935684726', 'manue13@gmail.com', 'herr010', '0', '0', '0', 0),
('prov011', 'Karla mendoza ', 'Monter largo ', 'Tabasco', 'Macuspana', 'El castaño', '9365874263', 'karla91@gmail.com', 'herr011', '0', '0', '0', 0),
('prov012', 'Tanea velasquez', 'caparroso ', 'Tabasco', 'Jalapa', 'Las ilusiones ', '9924876015', 'tani30@gmal.com', 'herr012', '0', '0', '0', 0),
('prov013', 'Pedro mendoza ', 'Los niños heroes ', 'Tabasco', 'Jalapa', 'Isla san juan', '9367013054', 'pedro61@gmail.com', 'herr013', '0', '0', '0', 0),
('prov014', 'Sonia sanchez ', 'Limbano blandin', 'Tabasco', 'Macuspana', 'El puerto', '9362031504', 'soni99@gmail.com', 'herr014', '0', '0', '0', 0),
('prov015', 'Flor alvarez pascual', 'Cd. pemex ', 'Tabasco', 'Macuspana', 'El panal', '9365847260', 'Flor35gmail.com', 'herr015', '0', '0', '0', 0),
('prov016', 'Carolina sanchez', 'Los cocos', 'Tabasco', 'Macuspana', 'Bajilo 1ra', '3965240305', 'car520@gmail.com', 'herr016', '0', '0', '0', 0),
('prov017', 'Marcela Gutiérrez ', 'El poso', 'Tabasco', 'Macuspana', 'Los primos', '9362540878', 'marc8620@gmail.com', 'herr017', '0', '0', '0', 0);

-- --------------------------------------------------------

--
-- Estructura de tabla para la tabla `usuarios`
--

DROP TABLE IF EXISTS `usuarios`;
CREATE TABLE IF NOT EXISTS `usuarios` (
  `rfc` varchar(30) NOT NULL COMMENT 'Rfc del empleado',
  `user` varchar(20) NOT NULL COMMENT 'usuario con el que se inicia sesión',
  `password` varchar(10) NOT NULL COMMENT 'password correspondiente al usuario que inicia sesión',
  `tipuse` varchar(50) NOT NULL COMMENT 'El tipo de usuario, si es un beneficiario o empleado que lleva el control del programa semda',
  `nom` varchar(30) NOT NULL COMMENT 'Nombre del empleado',
  `ap` varchar(30) NOT NULL COMMENT 'Apellido paterno',
  `am` varchar(30) NOT NULL COMMENT 'Apellido materno',
  `fna` varchar(10) NOT NULL COMMENT 'Fecha de nacimiento',
  `edo` varchar(20) NOT NULL COMMENT 'Estado',
  `muni` varchar(30) NOT NULL COMMENT 'Municipio',
  `loc` varchar(40) NOT NULL COMMENT 'Localidad',
  `dir` varchar(50) NOT NULL COMMENT 'Nombre de la calle',
  `tel` varchar(10) NOT NULL COMMENT 'Número de teléfono',
  `email` varchar(40) NOT NULL COMMENT 'Correo electrónico personal',
  `esco` varchar(40) NOT NULL COMMENT 'Nivel alcanzado de escolaridad',
  `fregis` varchar(10) NOT NULL COMMENT 'Fecha de registro',
  PRIMARY KEY (`rfc`),
  KEY `user` (`user`,`password`,`tipuse`,`nom`,`ap`,`am`,`fna`,`edo`,`muni`,`fregis`),
  KEY `tipuse` (`tipuse`)
) ENGINE=InnoDB DEFAULT CHARSET=latin1;

--
-- Volcado de datos para la tabla `usuarios`
--

INSERT INTO `usuarios` (`rfc`, `user`, `password`, `tipuse`, `nom`, `ap`, `am`, `fna`, `edo`, `muni`, `loc`, `dir`, `tel`, `email`, `esco`, `fregis`) VALUES
('BVCFHYX8634', 'Juana133', '9809871', 'ben010', 'Juana', 'Cabrera', 'Sarao', '22/06/1971', 'Tabasco', 'Centro', 'El triunfo', 'zaragoza', '1963548753', 'juana123@gmail.com', 'preparatoria', '25/03/2019'),
('GHTDERY0141', 'Darwin125', '3456789', 'ben002', 'Darwin', 'Dionisio', 'Cruz', '10/05/1978', 'Tabasco', 'Macuspana', 'El congo', 'limbano blandin', '9932326578', 'darwincruz@gmail.com', 'preparatoria', '15/01/2018'),
('LGDFTRY2891', 'Deybi131', '2334671', 'ben008', 'Deybi', 'Guzman', 'Santiago', '03/03/1976', 'Tabasco', 'Cunduacan', 'El camino largo', 'porfirio diaz', '9364512891', 'santiagodeybi@gmail.com', 'preparatoria', '19/02/2018'),
('LGTDERY2341', 'Carlos127', '2354576', 'ben004', 'Carlos', 'Slavador', 'Mendez', '03/02/1976', 'Tabasco', 'Tapijulapa', 'El cerro', 'ignacion zaragoza', '9364567891', 'carlos76@gmail.com', 'preparatoria', '14/01/2018'),
('MNGFKOY2651', 'Felipe134', '1239871', 'ben011', 'Felipe', 'Zacarías', 'Gimenez', '25/06/1961', 'Tabasco', 'Cardenas', 'Tierra colorada', 's/n', '1985462148', 'feli89@gmail.com', 'preparatoria', '24/02/2018'),
('NBVFHYX9051', 'Guadalupe128', '2456576', 'ben005', 'Guadalupe', 'Montero', 'Santiago', '05/11/1976', 'Tabasco', 'Cardenas', 'El cruce', 'porfirio diaz', '9364512891', 'GUADALUPEos76@gmail.com', 'preparatoria', '13/03/2018'),
('NCBSWYT3826', 'Sebastian130', '2323671', 'ben007', 'Sebastian', 'lopez', 'garcia', '01/10/1986', 'tabasco', 'cardenas', 'rio ondo', 'barrial', '9934582614', 'sebast26@gmail.com', 'secundaria', '10/08/2019'),
('OQWSKIL2635', 'Rodrigo132', '9823671', 'ben009', 'Rodrigo', 'Solano', 'Canul', '14/06/1973', 'Tabasco', 'Macuspana', 'Virginio 1ra', 's/n', '9934526348', 'rodri14@gmail.com', 'secundaria', '11/11/2019'),
('QPWFHYX8020', 'Joaquin129', '2355671', 'ben006', 'Joaquin', 'Perez', 'Santiago', '05/08/1975', 'Tabasco', 'Centla', 'El vallo', 'porfirio diaz', '9364512891', 'JOAQUEIN76@gmail.com', 'preparatoria', '11/03/2018'),
('SDWSKIL2014', 'Maria126', '2345678', 'ben003', 'Maria', 'Salvador', 'Lopez', '12/10/1967', 'Tabasco', 'Macuspana', 'La isla', 'benito juarez', '9361123456', 'mariasalvador@gmail.com', 'Preparatoria', '12/10/2019');

-- --------------------------------------------------------

--
-- Estructura de tabla para la tabla `viveros`
--

DROP TABLE IF EXISTS `viveros`;
CREATE TABLE IF NOT EXISTS `viveros` (
  `fvi` varchar(10) NOT NULL COMMENT 'Folio asignado al vivero que se encarga de proveer las plantas y cuidarlas hasta entregar a beneficiarios',
  `novi` varchar(30) NOT NULL COMMENT 'El nombre del vivero que cuida las plantas',
  `Existencia` int NOT NULL COMMENT 'La cantidad de plantas que se cuidan en el vivero',
  `dir` varchar(100) NOT NULL COMMENT 'Dirección en la que se encuentra el vivero',
  `edo` varchar(20) NOT NULL COMMENT 'estado en donde se ubica el vivero',
  `muni` varchar(50) NOT NULL COMMENT 'Municipio donde se encuentra el vivero',
  `fenc` varchar(10) NOT NULL COMMENT 'Folio del encargado del vivero',
  `tpl` varchar(20) NOT NULL COMMENT 'tipo de plantas',
  `cant` int NOT NULL COMMENT 'cantidad',
  PRIMARY KEY (`fvi`),
  KEY `fvi` (`fvi`,`novi`,`Existencia`,`edo`,`muni`,`fenc`),
  KEY `fenc` (`fenc`)
) ENGINE=InnoDB DEFAULT CHARSET=latin1;

--
-- Volcado de datos para la tabla `viveros`
--

INSERT INTO `viveros` (`fvi`, `novi`, `Existencia`, `dir`, `edo`, `muni`, `fenc`, `tpl`, `cant`) VALUES
('viv001', 'El congo', 550, 'calle tepetitan', 'tabasco', 'macuspana', 'enca001', 'Arbusto', 100),
('viv002', 'El magueyal', 800, 'R/a triunfo 2da seccion', 'Tabasco', 'Macuspana', 'enca002', 'Matas', 200),
('viv003', 'El piñal', 400, 'Limbano blandin', 'Tabasco', 'Macuspana', 'enca003', 'Hierbas', 100),
('viv004', 'El tintal', 600, 'San carlos', 'Tabasco', 'Macuspana', 'enca004', 'Anuales', 230),
('viv005', 'El mango', 500, 'Baja grande', 'Tabasco', 'Macuspana', 'enca005', 'Bienales', 150),
('viv006', 'Los pinos', 700, 'Cd. pemex ', 'Tabasco', 'Macuspana', 'enca006', 'Parennes', 50),
('viv007', 'El quintal', 400, 'Maluco', 'Tabasco', 'Macuspana', 'enca007', 'Glaucofitas', 212),
('viv008', 'Buena vida', 1500, 'El guacamayo', 'Tabasco', 'Macuspana', 'enca008', 'Plantas verdes', 600),
('viv009', 'El rio', 350, 'La victoria', 'Tabasco', 'Macuspana', 'enca009', 'Angiospermas', 102),
('viv010', 'El triunfo', 750, 'carretera limbano, tepetitan', 'Tabasco', 'Macuspana', 'enca010', 'Cicadaceae', 50),
('viv011', 'El naranjo ', 450, 'SAn francisco ', 'Tabasco', 'Macuspana', 'enca011', 'Árboles', 800),
('viv012', 'Los arcos', 800, 'Los vallos', 'Tabasco', 'Macuspana', 'enca012', 'Canela', 250),
('viv013', 'El cocal', 625, 'El puente', 'Tabasco', 'Jalapa', 'enca013', 'Nuez', 300),
('viv014', 'Las palmeras', 725, 'Zapotal', 'Tabasco', 'Jalapa', 'enca014', 'Clavo', 400),
('viv015', 'El yucal', 400, 'Ignacio baranda', 'Tabasco', 'Jalapa', 'enca015', 'Manzanilla', 505),
('viv016', 'La pencas ', 450, 'El cairo', 'Tabasco', 'Jalapa', 'enca016', 'Olivo', 308),
('viv017', 'El jobo', 350, 'Cocohital', 'Tabasco', 'Jalapa', 'enca017', 'Cilantro', 140),
('viv018', 'El castro', 500, 'carreta el polvorin', 'Tabasco', 'Jalapa', 'enca018', 'Vainilla', 540),
('viv019', 'El castaño ', 400, 'Vernet 1ra', 'Tabasco', 'Macuspana', 'enca019', 'Jengibre', 200),
('viv020', 'La ceiba', 500, 'La sabana', 'Tabasco', 'Jalapa', 'enca020', 'Romero', 100),
('viv021', 'El lago', 600, 'El puerto ', 'Tabasco', 'Jalapa', 'enca021', 'Regaliz', 101),
('viv022', 'El guiro', 750, 'Cupilco', 'Tabasco', 'Jalapa', 'enca022', 'Chile', 120),
('viv023', 'La laguna', 400, 'Belisario', 'Tabasco', 'Jalapa', 'enca023', 'Peregil', 330),
('viv024', 'La curva', 600, 'La flecha', 'Tabasco', 'Jalapa', 'enca024', 'Anis', 420),
('viv025', 'El platanal', 350, 'Niños heroes', 'Tabasco', 'Jalapa', 'enca025', 'Comino', 100),
('viv026', 'Lopez Portillo', 500, 'Potreros', 'Tabasco', 'Macuspana', 'enca026', 'Marihuana', 1000);

--
-- Restricciones para tablas volcadas
--

--
-- Filtros para la tabla `estados_municipios`
--
ALTER TABLE `estados_municipios`
  ADD CONSTRAINT `estados_municipios_ibfk_1` FOREIGN KEY (`municipios_id`) REFERENCES `municipios` (`id`),
  ADD CONSTRAINT `estados_municipios_ibfk_2` FOREIGN KEY (`estados_id`) REFERENCES `estados` (`id`);

--
-- Filtros para la tabla `plantas`
--
ALTER TABLE `plantas`
  ADD CONSTRAINT `plantas_ibfk_1` FOREIGN KEY (`fvi`) REFERENCES `viveros` (`fvi`),
  ADD CONSTRAINT `plantas_ibfk_2` FOREIGN KEY (`fben`) REFERENCES `beneficiados` (`fben`);

--
-- Filtros para la tabla `produccion`
--
ALTER TABLE `produccion`
  ADD CONSTRAINT `produccion_ibfk_1` FOREIGN KEY (`problema`) REFERENCES `contingencia` (`nomb`),
  ADD CONSTRAINT `produccion_ibfk_2` FOREIGN KEY (`fben`) REFERENCES `beneficiados` (`fben`),
  ADD CONSTRAINT `produccion_ibfk_3` FOREIGN KEY (`fplan`) REFERENCES `plantas` (`fplant`);

--
-- Filtros para la tabla `propiedad`
--
ALTER TABLE `propiedad`
  ADD CONSTRAINT `propiedad_ibfk_1` FOREIGN KEY (`fben`) REFERENCES `beneficiados` (`fben`);

--
-- Filtros para la tabla `usuarios`
--
ALTER TABLE `usuarios`
  ADD CONSTRAINT `usuarios_ibfk_1` FOREIGN KEY (`user`) REFERENCES `login` (`user`),
  ADD CONSTRAINT `usuarios_ibfk_2` FOREIGN KEY (`tipuse`) REFERENCES `beneficiados` (`fben`);

--
-- Filtros para la tabla `viveros`
--
ALTER TABLE `viveros`
  ADD CONSTRAINT `viveros_ibfk_1` FOREIGN KEY (`fenc`) REFERENCES `encargados` (`fenc`);
COMMIT;

/*!40101 SET CHARACTER_SET_CLIENT=@OLD_CHARACTER_SET_CLIENT */;
/*!40101 SET CHARACTER_SET_RESULTS=@OLD_CHARACTER_SET_RESULTS */;
/*!40101 SET COLLATION_CONNECTION=@OLD_COLLATION_CONNECTION */;
